-- MySQL dump 10.13  Distrib 8.0.31, for Win64 (x86_64)
--
-- Host: localhost    Database: train
-- ------------------------------------------------------
-- Server version	8.0.31

/*!40101 SET @OLD_CHARACTER_SET_CLIENT=@@CHARACTER_SET_CLIENT */;
/*!40101 SET @OLD_CHARACTER_SET_RESULTS=@@CHARACTER_SET_RESULTS */;
/*!40101 SET @OLD_COLLATION_CONNECTION=@@COLLATION_CONNECTION */;
/*!50503 SET NAMES utf8mb4 */;
/*!40103 SET @OLD_TIME_ZONE=@@TIME_ZONE */;
/*!40103 SET TIME_ZONE='+00:00' */;
/*!40014 SET @OLD_UNIQUE_CHECKS=@@UNIQUE_CHECKS, UNIQUE_CHECKS=0 */;
/*!40014 SET @OLD_FOREIGN_KEY_CHECKS=@@FOREIGN_KEY_CHECKS, FOREIGN_KEY_CHECKS=0 */;
/*!40101 SET @OLD_SQL_MODE=@@SQL_MODE, SQL_MODE='NO_AUTO_VALUE_ON_ZERO' */;
/*!40111 SET @OLD_SQL_NOTES=@@SQL_NOTES, SQL_NOTES=0 */;

--
-- Table structure for table `seat_info`
--

DROP TABLE IF EXISTS `seat_info`;
/*!40101 SET @saved_cs_client     = @@character_set_client */;
/*!50503 SET character_set_client = utf8mb4 */;
CREATE TABLE `seat_info` (
  `id` int NOT NULL AUTO_INCREMENT,
  `num` varchar(50) DEFAULT NULL,
  `carriage_num` int DEFAULT NULL,
  `train_id` int DEFAULT NULL,
  `status` int DEFAULT NULL,
  `state` int DEFAULT NULL,
  PRIMARY KEY (`id`)
) ENGINE=InnoDB AUTO_INCREMENT=9495 DEFAULT CHARSET=utf8mb4 COLLATE=utf8mb4_0900_ai_ci;
/*!40101 SET character_set_client = @saved_cs_client */;

--
-- Dumping data for table `seat_info`
--

LOCK TABLES `seat_info` WRITE;
/*!40000 ALTER TABLE `seat_info` DISABLE KEYS */;
INSERT INTO `seat_info` VALUES (8855,'1',1,1,7,1),(8856,'2',1,1,7,3),(8857,'3',1,1,7,3),(8858,'4',1,1,7,3),(8859,'5',1,1,7,2),(8860,'6',1,1,7,1),(8861,'7',1,1,7,1),(8862,'8',1,1,7,3),(8863,'9',1,1,7,3),(8864,'10',1,1,7,3),(8865,'11',1,1,7,2),(8866,'12',1,1,7,2),(8867,'13',1,1,7,2),(8868,'14',1,1,7,2),(8869,'15',1,1,7,3),(8870,'16',1,1,7,2),(8871,'17',1,1,7,3),(8872,'18',1,1,7,2),(8873,'19',1,1,7,3),(8874,'20',1,1,7,2),(8875,'21',1,1,7,3),(8876,'22',1,1,7,3),(8877,'23',1,1,7,2),(8878,'24',1,1,7,3),(8879,'25',1,1,7,1),(8880,'26',1,1,7,2),(8881,'27',1,1,7,3),(8882,'28',1,1,7,2),(8883,'29',1,1,7,1),(8884,'30',1,1,7,1),(8885,'31',1,1,7,1),(8886,'32',1,1,7,2),(8887,'33',1,1,7,3),(8888,'34',1,1,7,2),(8889,'35',1,1,7,2),(8890,'36',1,1,7,3),(8891,'37',1,1,7,1),(8892,'38',1,1,7,3),(8893,'39',1,1,7,2),(8894,'40',1,1,7,2),(8895,'41',1,1,7,2),(8896,'42',1,1,7,1),(8897,'43',1,1,7,2),(8898,'44',1,1,7,2),(8899,'45',1,1,7,1),(8900,'46',1,1,7,1),(8901,'47',1,1,7,2),(8902,'48',1,1,7,2),(8903,'49',1,1,7,3),(8904,'50',1,1,7,2),(8905,'51',1,1,7,2),(8906,'52',1,1,7,3),(8907,'53',1,1,7,1),(8908,'54',1,1,7,1),(8909,'55',1,1,7,3),(8910,'56',1,1,7,2),(8911,'57',1,1,7,2),(8912,'58',1,1,7,3),(8913,'59',1,1,7,1),(8914,'60',1,1,7,3),(8915,'61',1,1,7,3),(8916,'62',1,1,7,1),(8917,'63',1,1,7,1),(8918,'64',1,1,7,3),(8919,'65',1,1,7,2),(8920,'66',1,1,7,2),(8921,'67',1,1,7,3),(8922,'68',1,1,7,3),(8923,'69',1,1,7,1),(8924,'70',1,1,7,2),(8925,'71',1,1,7,1),(8926,'72',1,1,7,2),(8927,'73',1,1,7,2),(8928,'74',1,1,7,2),(8929,'75',1,1,7,2),(8930,'76',1,1,7,1),(8931,'77',1,1,7,2),(8932,'78',1,1,7,2),(8933,'79',1,1,7,3),(8934,'80',1,1,7,2),(8935,'81',1,1,7,3),(8936,'82',1,1,7,1),(8937,'83',1,1,7,3),(8938,'84',1,1,7,2),(8939,'85',1,1,7,3),(8940,'86',1,1,7,1),(8941,'87',1,1,7,1),(8942,'88',1,1,7,2),(8943,'89',1,1,7,3),(8944,'90',1,1,7,1),(8945,'91',1,1,7,3),(8946,'92',1,1,7,3),(8947,'93',1,1,7,2),(8948,'94',1,1,7,3),(8949,'95',1,1,7,3),(8950,'96',1,1,7,3),(8951,'97',1,1,7,2),(8952,'98',1,1,7,1),(8953,'99',1,1,7,2),(8954,'100',1,1,7,2),(8955,'101',1,1,7,2),(8956,'102',1,1,7,1),(8957,'103',1,1,7,3),(8958,'104',1,1,7,1),(8959,'105',1,1,7,1),(8960,'106',1,1,7,2),(8961,'107',1,1,7,3),(8962,'108',1,1,7,2),(8963,'109',1,1,7,3),(8964,'110',1,1,7,2),(8965,'111',1,1,7,3),(8966,'112',1,1,7,2),(8967,'113',1,1,7,1),(8968,'114',1,1,7,2),(8969,'115',1,1,7,2),(8970,'116',1,1,7,1),(8971,'117',1,1,7,3),(8972,'118',1,1,7,3),(8973,'119',1,1,7,2),(8974,'120',1,1,7,2),(8975,'121',1,1,7,1),(8976,'122',1,1,7,1),(8977,'123',1,1,7,3),(8978,'124',1,1,7,3),(8979,'125',1,1,7,1),(8980,'126',1,1,7,2),(8981,'127',1,1,7,2),(8982,'128',1,1,7,2),(8983,'1',2,1,7,2),(8984,'2',2,1,7,1),(8985,'3',2,1,7,3),(8986,'4',2,1,7,1),(8987,'5',2,1,7,2),(8988,'6',2,1,7,2),(8989,'7',2,1,7,3),(8990,'8',2,1,7,2),(8991,'9',2,1,7,1),(8992,'10',2,1,7,3),(8993,'11',2,1,7,3),(8994,'12',2,1,7,3),(8995,'13',2,1,7,1),(8996,'14',2,1,7,3),(8997,'15',2,1,7,3),(8998,'16',2,1,7,2),(8999,'17',2,1,7,2),(9000,'18',2,1,7,2),(9001,'19',2,1,7,2),(9002,'20',2,1,7,3),(9003,'21',2,1,7,1),(9004,'22',2,1,7,2),(9005,'23',2,1,7,1),(9006,'24',2,1,7,1),(9007,'25',2,1,7,2),(9008,'26',2,1,7,2),(9009,'27',2,1,7,2),(9010,'28',2,1,7,3),(9011,'29',2,1,7,2),(9012,'30',2,1,7,2),(9013,'31',2,1,7,2),(9014,'32',2,1,7,2),(9015,'33',2,1,7,2),(9016,'34',2,1,7,3),(9017,'35',2,1,7,1),(9018,'36',2,1,7,3),(9019,'37',2,1,7,2),(9020,'38',2,1,7,3),(9021,'39',2,1,7,2),(9022,'40',2,1,7,2),(9023,'41',2,1,7,2),(9024,'42',2,1,7,3),(9025,'43',2,1,7,1),(9026,'44',2,1,7,3),(9027,'45',2,1,7,3),(9028,'46',2,1,7,1),(9029,'47',2,1,7,1),(9030,'48',2,1,7,3),(9031,'49',2,1,7,3),(9032,'50',2,1,7,2),(9033,'51',2,1,7,3),(9034,'52',2,1,7,2),(9035,'53',2,1,7,2),(9036,'54',2,1,7,3),(9037,'55',2,1,7,1),(9038,'56',2,1,7,1),(9039,'57',2,1,7,3),(9040,'58',2,1,7,1),(9041,'59',2,1,7,3),(9042,'60',2,1,7,1),(9043,'61',2,1,7,3),(9044,'62',2,1,7,2),(9045,'63',2,1,7,1),(9046,'64',2,1,7,3),(9047,'65',2,1,7,3),(9048,'66',2,1,7,1),(9049,'67',2,1,7,2),(9050,'68',2,1,7,3),(9051,'69',2,1,7,3),(9052,'70',2,1,7,3),(9053,'71',2,1,7,1),(9054,'72',2,1,7,2),(9055,'73',2,1,7,3),(9056,'74',2,1,7,3),(9057,'75',2,1,7,2),(9058,'76',2,1,7,1),(9059,'77',2,1,7,2),(9060,'78',2,1,7,2),(9061,'79',2,1,7,1),(9062,'80',2,1,7,2),(9063,'81',2,1,7,2),(9064,'82',2,1,7,2),(9065,'83',2,1,7,2),(9066,'84',2,1,7,1),(9067,'85',2,1,7,3),(9068,'86',2,1,7,2),(9069,'87',2,1,7,1),(9070,'88',2,1,7,1),(9071,'89',2,1,7,3),(9072,'90',2,1,7,1),(9073,'91',2,1,7,1),(9074,'92',2,1,7,1),(9075,'93',2,1,7,2),(9076,'94',2,1,7,2),(9077,'95',2,1,7,1),(9078,'96',2,1,7,1),(9079,'97',2,1,7,1),(9080,'98',2,1,7,1),(9081,'99',2,1,7,3),(9082,'100',2,1,7,2),(9083,'101',2,1,7,1),(9084,'102',2,1,7,1),(9085,'103',2,1,7,3),(9086,'104',2,1,7,1),(9087,'105',2,1,7,3),(9088,'106',2,1,7,3),(9089,'107',2,1,7,3),(9090,'108',2,1,7,2),(9091,'109',2,1,7,1),(9092,'110',2,1,7,2),(9093,'111',2,1,7,2),(9094,'112',2,1,7,2),(9095,'113',2,1,7,2),(9096,'114',2,1,7,2),(9097,'115',2,1,7,2),(9098,'116',2,1,7,2),(9099,'117',2,1,7,1),(9100,'118',2,1,7,3),(9101,'119',2,1,7,2),(9102,'120',2,1,7,2),(9103,'121',2,1,7,1),(9104,'122',2,1,7,2),(9105,'123',2,1,7,2),(9106,'124',2,1,7,2),(9107,'125',2,1,7,3),(9108,'126',2,1,7,2),(9109,'127',2,1,7,2),(9110,'128',2,1,7,2),(9111,'1',3,1,7,1),(9112,'2',3,1,7,2),(9113,'3',3,1,7,2),(9114,'4',3,1,7,1),(9115,'5',3,1,7,1),(9116,'6',3,1,7,3),(9117,'7',3,1,7,2),(9118,'8',3,1,7,3),(9119,'9',3,1,7,2),(9120,'10',3,1,7,2),(9121,'11',3,1,7,2),(9122,'12',3,1,7,1),(9123,'13',3,1,7,1),(9124,'14',3,1,7,3),(9125,'15',3,1,7,2),(9126,'16',3,1,7,2),(9127,'17',3,1,7,1),(9128,'18',3,1,7,2),(9129,'19',3,1,7,2),(9130,'20',3,1,7,1),(9131,'21',3,1,7,2),(9132,'22',3,1,7,1),(9133,'23',3,1,7,2),(9134,'24',3,1,7,1),(9135,'25',3,1,7,3),(9136,'26',3,1,7,3),(9137,'27',3,1,7,2),(9138,'28',3,1,7,2),(9139,'29',3,1,7,3),(9140,'30',3,1,7,2),(9141,'31',3,1,7,2),(9142,'32',3,1,7,2),(9143,'33',3,1,7,3),(9144,'34',3,1,7,2),(9145,'35',3,1,7,2),(9146,'36',3,1,7,3),(9147,'37',3,1,7,2),(9148,'38',3,1,7,2),(9149,'39',3,1,7,1),(9150,'40',3,1,7,1),(9151,'41',3,1,7,2),(9152,'42',3,1,7,2),(9153,'43',3,1,7,3),(9154,'44',3,1,7,3),(9155,'45',3,1,7,2),(9156,'46',3,1,7,3),(9157,'47',3,1,7,2),(9158,'48',3,1,7,3),(9159,'49',3,1,7,3),(9160,'50',3,1,7,3),(9161,'51',3,1,7,1),(9162,'52',3,1,7,3),(9163,'53',3,1,7,2),(9164,'54',3,1,7,2),(9165,'55',3,1,7,1),(9166,'56',3,1,7,2),(9167,'57',3,1,7,2),(9168,'58',3,1,7,2),(9169,'59',3,1,7,2),(9170,'60',3,1,7,1),(9171,'61',3,1,7,1),(9172,'62',3,1,7,1),(9173,'63',3,1,7,2),(9174,'64',3,1,7,3),(9175,'65',3,1,7,3),(9176,'66',3,1,7,1),(9177,'67',3,1,7,3),(9178,'68',3,1,7,3),(9179,'69',3,1,7,1),(9180,'70',3,1,7,2),(9181,'71',3,1,7,2),(9182,'72',3,1,7,2),(9183,'73',3,1,7,3),(9184,'74',3,1,7,2),(9185,'75',3,1,7,2),(9186,'76',3,1,7,3),(9187,'77',3,1,7,3),(9188,'78',3,1,7,2),(9189,'79',3,1,7,3),(9190,'80',3,1,7,1),(9191,'81',3,1,7,2),(9192,'82',3,1,7,2),(9193,'83',3,1,7,1),(9194,'84',3,1,7,2),(9195,'85',3,1,7,1),(9196,'86',3,1,7,3),(9197,'87',3,1,7,3),(9198,'88',3,1,7,1),(9199,'89',3,1,7,2),(9200,'90',3,1,7,1),(9201,'91',3,1,7,1),(9202,'92',3,1,7,1),(9203,'93',3,1,7,2),(9204,'94',3,1,7,2),(9205,'95',3,1,7,2),(9206,'96',3,1,7,2),(9207,'97',3,1,7,2),(9208,'98',3,1,7,2),(9209,'99',3,1,7,1),(9210,'100',3,1,7,3),(9211,'101',3,1,7,3),(9212,'102',3,1,7,3),(9213,'103',3,1,7,3),(9214,'104',3,1,7,1),(9215,'105',3,1,7,2),(9216,'106',3,1,7,3),(9217,'107',3,1,7,3),(9218,'108',3,1,7,3),(9219,'109',3,1,7,2),(9220,'110',3,1,7,2),(9221,'111',3,1,7,2),(9222,'112',3,1,7,1),(9223,'113',3,1,7,2),(9224,'114',3,1,7,2),(9225,'115',3,1,7,2),(9226,'116',3,1,7,2),(9227,'117',3,1,7,2),(9228,'118',3,1,7,2),(9229,'119',3,1,7,1),(9230,'120',3,1,7,2),(9231,'121',3,1,7,3),(9232,'122',3,1,7,3),(9233,'123',3,1,7,2),(9234,'124',3,1,7,3),(9235,'125',3,1,7,2),(9236,'126',3,1,7,1),(9237,'127',3,1,7,1),(9238,'128',3,1,7,1),(9239,'1',4,1,7,3),(9240,'2',4,1,7,3),(9241,'3',4,1,7,2),(9242,'4',4,1,7,2),(9243,'5',4,1,7,1),(9244,'6',4,1,7,3),(9245,'7',4,1,7,2),(9246,'8',4,1,7,3),(9247,'9',4,1,7,1),(9248,'10',4,1,7,2),(9249,'11',4,1,7,1),(9250,'12',4,1,7,1),(9251,'13',4,1,7,3),(9252,'14',4,1,7,2),(9253,'15',4,1,7,2),(9254,'16',4,1,7,3),(9255,'17',4,1,7,1),(9256,'18',4,1,7,2),(9257,'19',4,1,7,1),(9258,'20',4,1,7,1),(9259,'21',4,1,7,2),(9260,'22',4,1,7,2),(9261,'23',4,1,7,2),(9262,'24',4,1,7,2),(9263,'25',4,1,7,3),(9264,'26',4,1,7,1),(9265,'27',4,1,7,1),(9266,'28',4,1,7,3),(9267,'29',4,1,7,1),(9268,'30',4,1,7,2),(9269,'31',4,1,7,1),(9270,'32',4,1,7,1),(9271,'33',4,1,7,1),(9272,'34',4,1,7,2),(9273,'35',4,1,7,2),(9274,'36',4,1,7,1),(9275,'37',4,1,7,1),(9276,'38',4,1,7,1),(9277,'39',4,1,7,2),(9278,'40',4,1,7,2),(9279,'41',4,1,7,3),(9280,'42',4,1,7,2),(9281,'43',4,1,7,1),(9282,'44',4,1,7,2),(9283,'45',4,1,7,3),(9284,'46',4,1,7,3),(9285,'47',4,1,7,2),(9286,'48',4,1,7,1),(9287,'49',4,1,7,2),(9288,'50',4,1,7,1),(9289,'51',4,1,7,3),(9290,'52',4,1,7,2),(9291,'53',4,1,7,1),(9292,'54',4,1,7,2),(9293,'55',4,1,7,1),(9294,'56',4,1,7,3),(9295,'57',4,1,7,2),(9296,'58',4,1,7,3),(9297,'59',4,1,7,2),(9298,'60',4,1,7,1),(9299,'61',4,1,7,1),(9300,'62',4,1,7,3),(9301,'63',4,1,7,2),(9302,'64',4,1,7,1),(9303,'65',4,1,7,2),(9304,'66',4,1,7,2),(9305,'67',4,1,7,2),(9306,'68',4,1,7,1),(9307,'69',4,1,7,2),(9308,'70',4,1,7,2),(9309,'71',4,1,7,2),(9310,'72',4,1,7,2),(9311,'73',4,1,7,2),(9312,'74',4,1,7,1),(9313,'75',4,1,7,1),(9314,'76',4,1,7,2),(9315,'77',4,1,7,2),(9316,'78',4,1,7,3),(9317,'79',4,1,7,2),(9318,'80',4,1,7,3),(9319,'81',4,1,7,3),(9320,'82',4,1,7,3),(9321,'83',4,1,7,2),(9322,'84',4,1,7,2),(9323,'85',4,1,7,1),(9324,'86',4,1,7,2),(9325,'87',4,1,7,2),(9326,'88',4,1,7,2),(9327,'89',4,1,7,2),(9328,'90',4,1,7,1),(9329,'91',4,1,7,2),(9330,'92',4,1,7,3),(9331,'93',4,1,7,2),(9332,'94',4,1,7,1),(9333,'95',4,1,7,2),(9334,'96',4,1,7,1),(9335,'97',4,1,7,1),(9336,'98',4,1,7,2),(9337,'99',4,1,7,1),(9338,'100',4,1,7,3),(9339,'101',4,1,7,1),(9340,'102',4,1,7,2),(9341,'103',4,1,7,1),(9342,'104',4,1,7,2),(9343,'105',4,1,7,1),(9344,'106',4,1,7,3),(9345,'107',4,1,7,2),(9346,'108',4,1,7,3),(9347,'109',4,1,7,1),(9348,'110',4,1,7,2),(9349,'111',4,1,7,1),(9350,'112',4,1,7,1),(9351,'113',4,1,7,2),(9352,'114',4,1,7,2),(9353,'115',4,1,7,2),(9354,'116',4,1,7,2),(9355,'117',4,1,7,2),(9356,'118',4,1,7,2),(9357,'119',4,1,7,3),(9358,'120',4,1,7,3),(9359,'121',4,1,7,1),(9360,'122',4,1,7,2),(9361,'123',4,1,7,1),(9362,'124',4,1,7,3),(9363,'125',4,1,7,2),(9364,'126',4,1,7,1),(9365,'127',4,1,7,2),(9366,'128',4,1,7,1),(9367,'1',5,1,7,1),(9368,'2',5,1,7,2),(9369,'3',5,1,7,2),(9370,'4',5,1,7,1),(9371,'5',5,1,7,1),(9372,'6',5,1,7,2),(9373,'7',5,1,7,2),(9374,'8',5,1,7,2),(9375,'9',5,1,7,1),(9376,'10',5,1,7,3),(9377,'11',5,1,7,2),(9378,'12',5,1,7,1),(9379,'13',5,1,7,2),(9380,'14',5,1,7,2),(9381,'15',5,1,7,3),(9382,'16',5,1,7,1),(9383,'17',5,1,7,3),(9384,'18',5,1,7,1),(9385,'19',5,1,7,3),(9386,'20',5,1,7,3),(9387,'21',5,1,7,1),(9388,'22',5,1,7,3),(9389,'23',5,1,7,2),(9390,'24',5,1,7,2),(9391,'25',5,1,7,2),(9392,'26',5,1,7,1),(9393,'27',5,1,7,2),(9394,'28',5,1,7,3),(9395,'29',5,1,7,2),(9396,'30',5,1,7,1),(9397,'31',5,1,7,2),(9398,'32',5,1,7,1),(9399,'33',5,1,7,2),(9400,'34',5,1,7,1),(9401,'35',5,1,7,1),(9402,'36',5,1,7,2),(9403,'37',5,1,7,2),(9404,'38',5,1,7,3),(9405,'39',5,1,7,2),(9406,'40',5,1,7,1),(9407,'41',5,1,7,3),(9408,'42',5,1,7,3),(9409,'43',5,1,7,3),(9410,'44',5,1,7,3),(9411,'45',5,1,7,2),(9412,'46',5,1,7,1),(9413,'47',5,1,7,2),(9414,'48',5,1,7,3),(9415,'49',5,1,7,3),(9416,'50',5,1,7,3),(9417,'51',5,1,7,3),(9418,'52',5,1,7,3),(9419,'53',5,1,7,2),(9420,'54',5,1,7,2),(9421,'55',5,1,7,3),(9422,'56',5,1,7,1),(9423,'57',5,1,7,3),(9424,'58',5,1,7,3),(9425,'59',5,1,7,2),(9426,'60',5,1,7,1),(9427,'61',5,1,7,3),(9428,'62',5,1,7,3),(9429,'63',5,1,7,1),(9430,'64',5,1,7,1),(9431,'65',5,1,7,2),(9432,'66',5,1,7,1),(9433,'67',5,1,7,3),(9434,'68',5,1,7,3),(9435,'69',5,1,7,1),(9436,'70',5,1,7,2),(9437,'71',5,1,7,1),(9438,'72',5,1,7,1),(9439,'73',5,1,7,2),(9440,'74',5,1,7,2),(9441,'75',5,1,7,1),(9442,'76',5,1,7,1),(9443,'77',5,1,7,3),(9444,'78',5,1,7,2),(9445,'79',5,1,7,1),(9446,'80',5,1,7,3),(9447,'81',5,1,7,2),(9448,'82',5,1,7,2),(9449,'83',5,1,7,2),(9450,'84',5,1,7,2),(9451,'85',5,1,7,2),(9452,'86',5,1,7,1),(9453,'87',5,1,7,1),(9454,'88',5,1,7,2),(9455,'89',5,1,7,3),(9456,'90',5,1,7,1),(9457,'91',5,1,7,3),(9458,'92',5,1,7,2),(9459,'93',5,1,7,2),(9460,'94',5,1,7,2),(9461,'95',5,1,7,2),(9462,'96',5,1,7,2),(9463,'97',5,1,7,2),(9464,'98',5,1,7,3),(9465,'99',5,1,7,3),(9466,'100',5,1,7,3),(9467,'101',5,1,7,3),(9468,'102',5,1,7,2),(9469,'103',5,1,7,3),(9470,'104',5,1,7,2),(9471,'105',5,1,7,1),(9472,'106',5,1,7,2),(9473,'107',5,1,7,2),(9474,'108',5,1,7,3),(9475,'109',5,1,7,2),(9476,'110',5,1,7,2),(9477,'111',5,1,7,1),(9478,'112',5,1,7,1),(9479,'113',5,1,7,2),(9480,'114',5,1,7,2),(9481,'115',5,1,7,2),(9482,'116',5,1,7,3),(9483,'117',5,1,7,2),(9484,'118',5,1,7,1),(9485,'119',5,1,7,2),(9486,'120',5,1,7,2),(9487,'121',5,1,7,1),(9488,'122',5,1,7,1),(9489,'123',5,1,7,2),(9490,'124',5,1,7,2),(9491,'125',5,1,7,2),(9492,'126',5,1,7,1),(9493,'127',5,1,7,1),(9494,'128',5,1,7,2);
/*!40000 ALTER TABLE `seat_info` ENABLE KEYS */;
UNLOCK TABLES;

--
-- Table structure for table `ticket_info`
--

DROP TABLE IF EXISTS `ticket_info`;
/*!40101 SET @saved_cs_client     = @@character_set_client */;
/*!50503 SET character_set_client = utf8mb4 */;
CREATE TABLE `ticket_info` (
  `id` int NOT NULL AUTO_INCREMENT,
  `code` varchar(50) DEFAULT NULL,
  `user_id` int DEFAULT NULL,
  `seat_id` int DEFAULT NULL,
  `train_id` int DEFAULT NULL,
  `path_status` int DEFAULT NULL,
  PRIMARY KEY (`id`),
  UNIQUE KEY `code` (`code`)
) ENGINE=InnoDB AUTO_INCREMENT=3313 DEFAULT CHARSET=utf8mb4 COLLATE=utf8mb4_0900_ai_ci;
/*!40101 SET character_set_client = @saved_cs_client */;

--
-- Dumping data for table `ticket_info`
--

LOCK TABLES `ticket_info` WRITE;
/*!40000 ALTER TABLE `ticket_info` DISABLE KEYS */;
INSERT INTO `ticket_info` VALUES (2036,'58bff58c-6fc7-4528-83c8-55743a8b7b3c',2,9019,1,6),(2037,'bb03d9db-fc76-4baa-949d-c5a6d3a233c7',2,9311,1,4),(2038,'d7b83a5c-6bb1-4b35-ae52-ea4f0cdd439c',2,9148,1,6),(2039,'9b1c363d-b744-43f5-9397-e0ab9ba2eb5f',2,9373,1,4),(2040,'49a74162-5635-4958-8185-4c69c350b5c4',2,9449,1,3),(2041,'39d28588-188c-4c74-98eb-3620338b1b75',2,9099,1,7),(2042,'72ed29b9-b5e0-43e1-b662-f8a0b00a427a',2,9477,1,7),(2043,'0f0c3d7d-c6ec-4718-ae15-255f367ac0af',2,9059,1,6),(2044,'564ec1b3-6b53-4744-808a-c8bb666c364e',2,9241,1,1),(2045,'e272f488-20cf-48f6-b815-d20909322f3f',2,9028,1,7),(2046,'1f649359-2caa-4be8-a0da-9046f7b2ee45',2,9485,1,1),(2047,'dd0c4f96-7cc2-4197-a96b-5cbbf6811d83',2,9348,1,4),(2048,'069eeb70-8aa6-4e77-993f-f8d0aef7f8c6',2,8911,1,6),(2049,'fa2d2f5b-d12a-4731-9bb6-abc526802dfe',2,9111,1,7),(2050,'3ba472c3-da36-428b-97d0-2d4129fe2210',2,9243,1,7),(2051,'29e50fd7-027e-4536-892c-487418d15dfd',2,8991,1,7),(2052,'c276f7eb-40ba-470c-8364-5c982daed35f',2,8959,1,7),(2053,'ad8c0da0-f054-4f35-9091-cad11f796f1f',2,9109,1,4),(2054,'8e54e617-bd75-43e5-87a4-44c026979391',2,9333,1,6),(2055,'1b55771c-74cd-4079-baff-f662269e9881',2,8870,1,3),(2056,'edd2af37-9a68-49b2-80f4-4434c648dc23',2,9353,1,6),(2057,'ceb9994f-20eb-493c-9692-74374b5557e6',2,8934,1,3),(2058,'95329fd6-bb69-4daa-b347-2e8582d8d571',2,8981,1,6),(2059,'57058d54-2376-477b-a824-85155312e849',2,9014,1,4),(2060,'960082a1-99bc-4abd-96f9-888f23c88a86',2,9485,1,6),(2061,'246f60a7-bfbb-4a20-946e-9f75dc25bb24',2,9443,1,2),(2062,'c6343656-2ae0-4208-8bde-fb4eda34cc3a',2,9223,1,4),(2063,'3ebec505-2ff2-451a-bf47-6bcd05464a84',2,9101,1,3),(2064,'ba0b0771-fde9-4765-9b5c-d5a93668b162',2,9435,1,7),(2065,'14ce9e9b-10d9-4659-800e-d137dd1d42e9',2,9248,1,3),(2066,'ce27e922-926d-4167-907a-9263be5aeef1',2,9353,1,1),(2067,'c53f8b67-8a01-4bce-b1f8-975f611eb788',2,9241,1,6),(2068,'cbedf7f3-220a-42cc-8ed4-0d358775e6de',2,9001,1,4),(2069,'64395f1a-07f7-45f9-b9f4-547d272ecf9d',2,9311,1,3),(2070,'5ef3849d-2bf7-4bbd-a1a8-07e8bea37183',2,8981,1,1),(2071,'4d2e8e5e-a39f-4f20-979d-3a08a3b1e021',2,9296,1,2),(2072,'7ab81f68-556d-4db3-afc0-634bd7055140',2,8911,1,1),(2073,'6462c5cd-4a0b-4baa-a964-ba316fb9a74c',2,9342,1,1),(2074,'561d4dd3-b940-4cc4-80a9-aa535d7047a6',2,9185,1,1),(2075,'e58a3a49-f938-4b9a-b11b-b8ae3814dc56',2,9041,1,2),(2076,'cfd2e94a-08d3-4d23-a1b9-5ebc09cc7c6e',2,9417,1,2),(2077,'31ce3d7a-b0af-4c32-9af0-378f37013b5d',2,9271,1,7),(2078,'ec898cf5-86f4-404a-b93a-879533a9a9b3',2,9196,1,2),(2079,'6fa50a15-7f27-4a28-b6bf-4808d5dfa280',2,9350,1,7),(2080,'98b4fab8-5978-4723-be6a-aae6f2d80bc6',2,8956,1,7),(2081,'f4e098b4-0079-46bf-8928-05d48bc6f0d5',2,9475,1,3),(2082,'74d3be81-77fd-46e3-a49b-5e4b9eb988e0',2,9253,1,1),(2083,'df97c376-d097-4fa9-a663-5941cea3a515',2,8996,1,2),(2084,'78816428-766e-4bf7-9884-748ff1d1e379',2,9348,1,3),(2085,'aefbbcd8-08dd-4aae-ba2e-4d5ad2e0b6f3',2,9342,1,6),(2086,'43c2eddb-5c73-47a9-acd4-586f4f75d37e',2,9117,1,4),(2087,'14256810-7031-4edc-aa30-4e306a046c23',2,8954,1,4),(2088,'fab58680-8071-46b4-88b7-b2a82d67bc49',2,9106,1,4),(2089,'ab24a7eb-8f41-4fac-b58a-ceb864ba8d0a',2,9444,1,1),(2090,'0e7588f5-c273-4811-ac29-3d814bd1be87',2,9139,1,2),(2091,'5e9a12f4-33fd-461f-9686-736ea23d63ba',2,8903,1,2),(2092,'21a6c727-b93e-4edf-a54d-1a828198e303',2,8968,1,4),(2093,'d4289c12-0e98-41b1-98f7-11afe6a8b0fa',2,8967,1,7),(2094,'0d83d0a9-452f-4702-8ca2-31c075b282a7',2,8954,1,3),(2095,'6d85a996-2f38-4683-aec0-426ba018b2bd',2,8946,1,2),(2096,'e46dffe2-ebaa-4e86-be1d-586d6cc83d02',2,9444,1,6),(2097,'c1ac86fb-287a-4e7e-935d-6f5d6ba9fc3a',2,8905,1,4),(2098,'4a75ffe0-1123-4195-a905-933891d8827c',2,9253,1,6),(2099,'918d588f-bc57-4cf3-a6fd-51474f61bd32',2,9185,1,6),(2100,'00fd78a9-d67d-4f06-92a8-c790c97e4c72',2,9286,1,7),(2101,'d608071c-c2cd-4c1d-b5ca-916b9fc429b5',2,9328,1,7),(2102,'c2af4ea3-862d-4112-9698-4ea39f002608',2,9335,1,7),(2103,'484762e1-3d8f-4353-a1d6-cb5e9663c4bd',2,9484,1,7),(2104,'60de7e53-dd2f-473c-a69a-0a22b73955ac',2,9486,1,4),(2105,'0ce20ae9-a807-49e8-b42a-ffd08c4658c1',2,9037,1,7),(2106,'1abe4a5f-8ecf-4095-9f81-7b8473c2e9f7',2,9009,1,6),(2107,'4dbc9777-8dc5-491a-819b-9713d8c8b7ae',2,8950,1,2),(2108,'13e65547-3ec0-4e0a-95e7-65fbeb21dc43',2,9309,1,1),(2109,'1ac5733b-9103-4397-9827-eec7474e20c0',2,8992,1,2),(2110,'64e9c2dd-85a0-4b44-837e-641621ba5e86',2,9354,1,4),(2111,'7f6db9a0-7915-4cb3-9893-1a6991921e9c',2,8941,1,7),(2112,'0b78956a-fc2a-4c36-9119-c6c81257252f',2,9085,1,2),(2113,'858e6322-e248-4530-a1a1-90e7f37d1377',2,9449,1,4),(2114,'d96fb1ba-aaf0-46e7-a113-f02b63293e2b',2,9445,1,7),(2115,'4bd20a40-74ec-4828-ad83-2c699ad7105c',2,9203,1,4),(2116,'64d22f31-b8e7-457f-9db8-46d8788b9741',2,9475,1,4),(2117,'9ef31998-f53e-482e-9d92-a4dd9e27c1ff',2,9390,1,1),(2118,'3f345e75-9941-49f3-8a91-67231762e68a',2,9180,1,1),(2119,'f61cad55-ef51-4e1f-a0ec-ed4ff4a31461',2,9405,1,6),(2120,'59c0a0ce-713b-4ee6-ab0a-5d7a77cdbd0c',2,9073,1,7),(2121,'80fcf625-8a7d-44ac-9176-5700e15b29c8',2,9034,1,1),(2122,'e007d555-c750-47a7-9c0f-aa64c0e0ee07',2,9372,1,1),(2123,'6d93bfaf-c076-4402-81eb-9b0b01f6ace5',2,9094,1,4),(2124,'ed576d1f-da5b-4f23-bb9d-897638f7b650',2,9291,1,7),(2125,'4db14fd7-45a8-40fa-aedb-6a211905b33a',2,9354,1,3),(2126,'d562f6f2-f780-4305-85ce-c249a0e354bb',2,9383,1,2),(2127,'243c3605-65e0-4a99-b7fc-33aed8be1cc9',2,9014,1,3),(2128,'3fc43ea2-fe99-47f0-bcd5-31711d631b1f',2,9059,1,1),(2129,'faa7afe5-0aed-4e86-9293-1886883fa689',2,9282,1,1),(2130,'2923a4f7-43f4-4a83-b0db-94a7cd7b7295',2,9136,1,2),(2131,'a363c8f0-b3c4-4b5c-9334-df72c33ee335',2,9208,1,4),(2132,'deda527d-f1a0-4176-a848-79738c10d270',2,9379,1,1),(2133,'403a33a8-2492-4d0a-bde0-112fca030a0c',2,9105,1,3),(2134,'48a77b43-3f3c-4c0d-a584-433d4b554efd',2,9077,1,7),(2135,'56a38b4e-31e8-4901-aba9-cf6070876400',2,9131,1,1),(2136,'c25fa462-c63a-4f02-80e3-63e67cf93109',2,9381,1,2),(2137,'5dad21b2-c2f2-41a9-9c40-59ec26d459ac',2,9001,1,3),(2138,'b98e2ce0-5d7c-44f6-a585-4bfb1ca5a1d0',2,8968,1,3),(2139,'e7009d0a-7412-4a40-a2c1-c9fa5ae25576',2,9034,1,6),(2140,'1a417f94-cb71-4882-bd72-a9515082e304',2,8910,1,1),(2141,'640d0ea5-37fc-4349-9afe-e5a3f62e9341',2,9163,1,1),(2142,'16b3b8e1-bf5d-402a-8855-56a065432924',2,9148,1,1),(2143,'4ca2e6d7-a670-435a-915d-527d2832289a',2,9372,1,6),(2144,'789fca54-a291-422e-a7bb-fa561530f88f',2,9105,1,4),(2145,'435b0b51-cac2-488f-8f8d-c58f2a37b921',2,9454,1,4),(2146,'4a6b85fb-4c65-410b-818a-3562989abcb3',2,9117,1,3),(2147,'33c2e5c8-5693-47f6-b912-adee255e36f3',2,8945,1,2),(2148,'81593eb3-8cdc-46e7-aba1-723804ebe9c3',2,9272,1,4),(2149,'d9689c1d-1d82-47dc-9b62-925a9f4a028b',2,9489,1,4),(2150,'00044bfb-52c7-4306-9083-6192ac0acc77',2,9395,1,4),(2151,'19e107e0-7e5b-4edf-b591-385a8c8b6c98',2,9126,1,1),(2152,'2ef2a645-b26c-4d30-b126-3dd1ed2743a7',2,8886,1,1),(2153,'1db4624f-ec81-4177-b2ac-30a7c48ee563',2,9163,1,6),(2154,'a82add5c-d6c4-4df4-b936-0ae66c7d62a3',2,9033,1,2),(2155,'2f4b005d-7d93-4110-a0d3-13fe706a20a1',2,9323,1,7),(2156,'c4ac75cd-2805-44d0-91d9-e9dbf461d748',2,9166,1,4),(2157,'f436aa47-9e2c-4196-bc3f-59c497e77efb',2,9309,1,6),(2158,'c61a9b75-d34d-4a61-86ab-7cfd96260b3c',2,9009,1,1),(2159,'025d94ea-e0f4-4970-8dc8-2d319e93ad11',2,9276,1,7),(2160,'b60ae2e0-0f03-4753-b776-2a8005dab685',2,8881,1,2),(2161,'789a67e3-230d-4327-a323-47123bab9ba5',2,9319,1,2),(2162,'a6f25083-3266-4e82-8830-3d84e01a60fe',2,9379,1,6),(2163,'a648eb9b-0e26-4c14-856b-18deb4d68f20',2,9395,1,3),(2164,'e5acf330-e5f5-4073-8974-2eb852c75715',2,9426,1,7),(2165,'053e4600-7360-4a71-9c20-9bdd17394f15',2,9094,1,3),(2166,'495999b1-07e1-4dd8-87c8-13c87b6ec3cb',2,8939,1,2),(2167,'cb85ab5d-00ac-45bf-a4f6-b458ca561b77',2,9288,1,7),(2168,'855977aa-dcd0-453d-baac-c378f82fa916',2,9223,1,3),(2169,'c222d4b3-26e0-433d-9b25-f06700431b01',2,8934,1,4),(2170,'2b8e527a-b092-4896-91ce-ea4df230b96a',2,9197,1,2),(2171,'b5ca5f82-d98c-488e-8367-2d4ca1b00536',2,9166,1,3),(2172,'80a4741e-77c9-4015-811b-573443ee475b',2,8947,1,3),(2173,'966437dd-f3e4-4d1a-9f31-74a1351c96b1',2,9405,1,1),(2174,'1f080927-743f-47a1-a2e4-81a53dc08dfb',2,9248,1,4),(2175,'dd2774e0-7c6d-4357-9c20-8959966429ef',2,8870,1,4),(2176,'39babe98-dfbf-468d-b080-eb7e9496bcc4',2,8881,1,4),(2177,'38fb69b2-5db7-4090-b15d-463328ff8d11',2,9494,1,1),(2178,'d5ccc815-4032-4972-91e2-336e31628c3c',2,9019,1,1),(2179,'565929eb-e4e9-4d63-8e2a-6f54dfdfa84c',2,8886,1,6),(2180,'6b9ce94e-a900-49b4-9265-429f969d65fc',2,9390,1,6),(2181,'8f171813-a96d-4d28-bd5a-2fa1adcc96ff',2,8900,1,7),(2182,'dbd41286-8b66-46f1-bb91-898af052c54e',2,9226,1,6),(2183,'db66ccee-8791-4c9b-bb51-ea385d2874a3',2,9420,1,6),(2184,'15f50796-dfc6-43fb-b445-8dcaa7ffdc11',2,9420,1,1),(2185,'f69c15b6-0bbd-4535-87de-9ea1e64b2088',2,9180,1,6),(2186,'c0b780d4-f8cb-451c-b87f-499f23ed872b',2,8972,1,2),(2187,'6cbc692e-563e-42f1-8a54-3b3630f33a6a',2,9442,1,7),(2188,'93717661-cb03-4936-bd8c-3865e3508ff5',2,8962,1,3),(2189,'fbc6bba4-83f1-427d-b94d-722c3f5ec61a',2,9333,1,1),(2190,'c9f939bb-4ec6-4b8f-85f0-0a4989e67110',2,9489,1,3),(2191,'6e7e4a9c-4a1a-44b1-8f48-759e059381f2',2,9226,1,1),(2192,'650143ba-f2ef-4983-8997-482e081c3b76',2,9494,1,6),(2193,'b0df4af6-0264-44aa-a844-d58c1b450f1c',2,9088,1,2),(2194,'b7c99244-2ef6-4449-9fe4-6871f974e9fd',2,9377,1,1),(2195,'051d4a63-76bc-479d-9843-69f5215d29b6',2,9183,1,2),(2196,'1be3acec-8c64-4915-8e7f-a0182741bc11',2,9240,1,2),(2197,'477b5b65-9e4c-475a-a88f-e7f173dececa',2,9415,1,2),(2198,'c58b4327-e6bb-40ed-a163-9fe882fd972b',2,8962,1,4),(2199,'5854634a-ae20-46cb-ae7c-9296804ea4ca',2,9101,1,4),(2200,'3715adea-2d1a-4938-9ca4-cfbc21f761eb',2,9002,1,2),(2201,'d566b56d-3553-4b2d-b26a-3c5653b419c5',2,8958,1,7),(2202,'bf4b8d4f-fca2-4e3e-ba69-1bc29138164e',2,8947,1,4),(2203,'b0f17da6-0919-46a5-a814-7877dc73d601',2,9282,1,6),(2204,'2fa31b92-5fff-4551-a081-602f81111b25',2,9131,1,6),(2205,'8b0af26b-cd11-4795-b47e-cf2db4fc0c26',2,9109,1,3),(2206,'b69ed4bf-3e8e-4c65-8ef7-91fbc4ceeb5b',2,8910,1,6),(2207,'d5d37347-6b2c-4065-b7d8-35284ffb60f9',2,9217,1,2),(2208,'d0c3cf3f-b51c-4b60-ad63-b7e2a5a5464f',2,9089,1,2),(2209,'d257d9fb-662f-4aa4-b904-c90570330488',2,9106,1,3),(2210,'33d9f3e5-22ae-4f0f-b1ba-f92e7615b716',2,9377,1,6),(2211,'17166f9e-8eae-476c-bdbf-87503a2969ad',2,9159,1,2),(2212,'0d79c880-16c3-4b0f-badd-b16819d5bb73',2,9434,1,2),(2213,'a82060f3-211b-4098-9ef4-4655fcaed1fb',2,9126,1,6),(2214,'0a1173a2-a331-49fa-a19e-d16007ae68a9',2,8884,1,7),(2215,'1a5b1ba8-a363-48d0-8b3d-c908abf423b7',2,9160,1,2),(2216,'17f4193c-6a85-4faf-9ae0-fc4f92cbb761',2,8864,1,2),(2217,'37cbf67e-b11d-4d2c-868d-406e357e5bc7',2,8881,1,1),(2218,'b2099ad0-1158-4965-8d92-e997d4e4eea1',2,8874,1,4),(2219,'db3b55ee-62b2-4989-a4c2-8351cf7a3661',2,9272,1,3),(2220,'4dd71338-3476-49a0-b431-61295d3f7345',2,9143,1,2),(2221,'ea06b7b1-0a41-4c69-ab6f-76e1efec3be0',2,9267,1,7),(2222,'f78d377e-4075-41ef-a980-2d8f24844812',2,8975,1,7),(2223,'2553002d-bd10-44db-8a0f-a19922711da1',2,9454,1,3),(2224,'172c2449-198e-4123-939f-5d67d7c0574d',2,8973,1,4),(2225,'16d73ebb-faae-453d-a600-923b37bb4954',2,9458,1,1),(2226,'265328e1-6f03-452a-ae59-8f796a721c5d',2,9316,1,2),(2227,'713e6e02-8c82-46e6-ab97-533766e7d7b6',2,9259,1,1),(2228,'5dc96f7a-f95d-4c4a-87c5-8d682e91f37c',2,9203,1,3),(2229,'e70d22e1-2bdb-4bfa-b039-8419b606185b',2,9345,1,1),(2230,'1713c990-cd96-499c-9d0b-ff514f85fe5a',2,9456,1,7),(2231,'2f0283fa-3938-4914-ac95-78825cf695e7',2,8987,1,4),(2232,'7087c9f7-c6cd-47db-b100-47e59bf17ae1',2,9196,1,1),(2233,'7d1e64aa-7e7c-4770-ad6f-edbc2bf204fe',2,8986,1,7),(2234,'6a610684-f6a3-485f-bcb5-662284ae7e13',2,9414,1,2),(2235,'c24d7e99-f259-4b8d-ac05-170148ffad1a',2,8913,1,7),(2236,'af9cc1af-12de-467b-9659-0e3d13fb0de3',2,9186,1,4),(2237,'75ca42c6-9e54-4227-81db-0eed9df23fd9',2,9196,1,4),(2238,'40329a03-70a7-49f7-b002-59fbec0d9250',2,9053,1,7),(2239,'5a753d74-3e4b-401f-82d8-9e67cce9cbaf',2,9263,1,2),(2240,'c8e917f1-4b8e-4726-9828-737c79695ebc',2,8912,1,2),(2241,'7c21a0de-b4ff-4e51-b47d-1e2b6724d19a',2,9394,1,2),(2242,'9490b056-d561-44c3-a012-dd388a3052ee',2,9023,1,4),(2243,'65bdd34c-2170-4727-938b-c2b52c683e37',2,9341,1,7),(2244,'304667ba-00a3-4fd5-9263-c526eb3675a9',2,9210,1,2),(2245,'a539f4cb-b5f6-492a-a512-781d2306b57e',2,9453,1,7),(2246,'1ab32e9c-3e2b-48d9-abc7-ed49c67f1076',2,8977,1,2),(2247,'a08eaad5-dab2-4c72-ab7f-9eae9f182a43',2,9239,1,2),(2248,'ca37de1c-ba47-4380-86ce-5ceaaae65505',2,8874,1,3),(2249,'f9b24a21-1a06-4d41-897a-0d5241fa082d',2,9279,1,2),(2250,'6a928f81-0cd2-4fa3-a610-554016f08114',2,8987,1,3),(2251,'5a7245b6-34fe-4e68-89ca-2188200af42f',2,9373,1,3),(2252,'b8fc8a05-ca22-4823-8018-8528fd93c2d2',2,9251,1,2),(2253,'3d558407-5f16-4807-b0f0-fd567714a2a3',2,9259,1,6),(2254,'fe258ddb-d288-4a46-b4bb-557e52760d0a',2,9156,1,2),(2255,'eb2b4afd-1a87-44bd-afdb-85556dc5e825',2,9469,1,2),(2256,'457f3166-3c6d-4c15-8195-c2d02f17e072',2,9023,1,3),(2257,'5dd62e93-b609-436d-9827-241fb095a404',2,9132,1,7),(2258,'213d6834-b7ec-4fab-9db9-d888227849f8',2,8882,1,1),(2259,'ebe2bb43-13a0-4c5c-8094-d0caa864a0a6',2,9380,1,4),(2260,'4224a175-3a79-4046-b43c-6caf6c44ea7c',2,8955,1,4),(2261,'e300e33d-9e24-48c2-98e6-3db8fc7ebb78',2,8976,1,7),(2262,'dcc9a3b8-6e23-42e2-9d25-d9d617da5506',2,9398,1,7),(2263,'f09fb5b7-6a77-4da0-b40d-8d9242f263b1',2,9135,1,2),(2264,'b44dffb1-68ce-43cd-b6e1-898fb4f6bfcb',2,8923,1,7),(2265,'a8231789-b89b-4519-99ef-8e253b335941',2,9115,1,7),(2266,'13ff9166-166f-4689-bac1-ac6f73a8cd38',2,9186,1,2),(2267,'3b12fdb2-09fa-44b2-ae7a-b055e3fe1437',2,9482,1,2),(2268,'2628735e-ae58-4e3d-b7ec-09d1c9e1d1b0',2,9345,1,6),(2269,'bdfa1d9e-08ad-4b1a-901b-6f0cbd1af873',2,9046,1,2),(2270,'771ecee3-7638-4453-b196-7ab0dc6fa22b',2,9186,1,1),(2271,'c0e50611-1f57-4326-9277-54adbafc1f47',2,9161,1,7),(2272,'abefb7ac-8284-4fff-8649-cba518993510',2,9027,1,2),(2273,'9b4564e8-fe3e-430e-9e7e-d96c1f24f676',2,9380,1,3),(2274,'2f32fab6-0e46-41e1-8c80-3cdf2d2d0eee',2,8973,1,3),(2275,'343eaa50-f56f-4330-933d-56eec31e6044',2,8955,1,3),(2276,'b5fe0437-9a05-420d-892e-03ab6f5c2e41',2,9208,1,3),(2277,'c0239a18-1a55-4c6d-8cb5-311fab323846',2,8883,1,7),(2278,'e7669424-4d47-4f0d-87ad-266165431e2d',2,8882,1,6),(2279,'f9151d74-2f04-4eb5-b715-580356e271c7',2,8860,1,7),(2280,'fd92a65e-4a3a-4f24-bebe-737180c2a2e0',2,9486,1,3),(2281,'5f4bc23a-3f7b-4573-8f19-41f4226568a5',2,8988,1,1),(2282,'a38b600d-bca9-4162-b641-40b6613ee1aa',2,8906,1,2),(2283,'07fc8c23-bf3f-49fa-8cb3-8f265781166d',2,9087,1,2),(2284,'b4aa97e2-1662-4121-b017-ab0747abc57e',2,9005,1,7),(2285,'9c30d2bc-c7f2-4106-a8a4-e6f0ab53f15a',2,9452,1,7),(2286,'0a3fe70a-3f48-4cf9-98e0-b7acc30b4c0a',2,9016,1,2),(2287,'ddf6ecf0-8a0f-4a7b-8590-b471e37b38be',2,8878,1,2),(2288,'2e37b2cb-300b-4459-a9ad-af6cff648afc',2,9110,1,1),(2289,'5428d8db-772b-460b-9778-288ae93892cd',2,9191,1,1),(2290,'a8858159-5e55-4c55-9a80-6c0a184dd435',2,8865,1,4),(2291,'7b8deb37-8166-4a14-b085-6d7ae9484b5f',2,9269,1,7),(2292,'23010c80-3f09-4645-aef5-9af0ab634d8b',2,9360,1,4),(2293,'4da580aa-3c43-4cce-bbf6-1a4ad3ddaaab',2,8905,1,3),(2294,'370a63b0-e005-47d2-a397-3cf3eec2aa65',2,9458,1,6),(2295,'ba4e315c-f755-4056-a1b0-6d245eb36ab2',2,9071,1,2),(2296,'ac10f694-1048-4552-aafd-378cf92dbbd0',2,9360,1,3),(2297,'6d55a2f2-76fe-4170-923f-a778fe359733',2,9110,1,6),(2298,'5a8081d7-7f07-4ed1-83a6-5a5488dc9008',2,9382,1,7),(2299,'b6e910fe-ab04-469d-be9c-849298bfa146',2,8865,1,3),(2300,'f4813864-c288-4370-8c91-7d9c819defd1',2,8869,1,2),(2301,'dc72d4c7-32cb-419a-98f6-d72b5be2d55d',2,9397,1,4),(2302,'5832e311-01ca-4d58-a16b-edf6a9eafb17',2,9331,1,1),(2303,'3d124fbd-0a50-4c8d-8a53-9b66223e5838',2,9332,1,7),(2304,'5c3ebcbb-7c52-4b6b-b25f-0f1937cc7996',2,9318,1,2),(2305,'1800ff41-3d3a-45cb-bf4c-614b96a24f76',2,9078,1,7),(2306,'928d9a3a-5e5e-41b3-8a13-d8d54bbe813a',2,9145,1,1),(2307,'aa388546-79aa-4713-b10c-6d31b146a204',2,9257,1,7),(2308,'dbc5cee8-2c71-4cf1-9eeb-40d8a1b9e92e',2,9479,1,3),(2309,'cd13363e-6b9d-4b77-9d55-741f09f9d483',2,9145,1,6),(2310,'6a71d24d-0feb-498b-8981-cc852fc77442',2,9374,1,4),(2311,'6244cb38-a800-42bd-afba-330a6f55e7f2',2,9418,1,2),(2312,'2a60511b-52e0-4b19-8b24-2af8e9debef1',2,9425,1,4),(2313,'bf6cb3ff-020d-4bf0-b148-5cc02dfdf262',2,9319,1,1),(2314,'ee8f6a8f-94c1-4894-ae73-bf6cab8e6b1f',2,9479,1,4),(2315,'c9fc5637-e431-4ec1-8551-79824126d06a',2,9397,1,3),(2316,'6af85ece-855f-4ba3-a2cf-a2f16dd576c5',2,9318,1,1),(2317,'7cb6db06-5daf-42d6-88f1-b6c403898ddc',2,9334,1,7),(2318,'f2c1d6d5-0c59-4ba6-ab14-09405762aedc',2,9411,1,1),(2319,'2ddff288-5322-405c-9cc9-a65ac9be79a0',2,8930,1,7),(2320,'6f390b4e-07c2-4e72-ae93-43bde9b35018',2,9425,1,3),(2321,'b8399b22-2cd8-4f5f-a62b-c319decec055',2,9319,1,4),(2322,'7a980ab4-b9bf-4bfd-b876-352ae5f86dd3',2,9318,1,4),(2323,'8ac782c5-c394-461f-a1f5-272c3f5c6e1c',2,9431,1,1),(2324,'431e1c52-305f-4fe7-b44c-c843b2f8ce38',2,9254,1,2),(2325,'bab66a13-27b4-44e8-aec2-6be3b23460c5',2,9191,1,6),(2326,'f062f23c-32ae-4b29-a2e2-8c261f5629bd',2,9232,1,2),(2327,'9028062f-8744-4d26-8a83-902ac8bdba73',2,9441,1,7),(2328,'902f5064-5928-4f1e-848e-c3d1d10c414c',2,9234,1,2),(2329,'fcfe26e9-7aa2-4d91-bf27-1b9f6623a8db',2,9140,1,1),(2330,'6ae1d691-f9a6-4b25-b280-1065578218f3',2,9374,1,3),(2331,'1d242377-f1fa-4461-8649-e926b3d5bef6',2,9331,1,6),(2332,'1cae7fc1-ef69-41b2-970d-f5d41e395ab5',2,9310,1,3),(2333,'a19c98a5-2487-4f6e-a809-761792bcd0cd',2,9437,1,7),(2334,'3f6a43b4-4ea5-47e2-8190-08177a6056f3',2,8858,1,2),(2335,'c4fc229f-3c9a-4932-b060-20a0ff81d625',2,8961,1,1),(2336,'d8c23f4b-bf7a-4bc1-a1a0-7e0c00d4984d',2,9179,1,7),(2337,'985d8e6b-ef10-4ed4-a2e7-7ed04b6e2afe',2,9164,1,1),(2338,'5f6fa5c1-9719-4471-a894-b77ef25ce8c3',2,9268,1,4),(2339,'e53dbf8b-3b50-4d10-9c0e-fda2c2a76138',2,8965,1,2),(2340,'43135b88-06ae-4e56-bb32-84ec7790a7af',2,8937,1,2),(2341,'7fe49cba-2d24-450b-87c1-017db364aa24',2,9391,1,4),(2342,'bf0984a8-01d0-44eb-abae-b80033c83c48',2,9310,1,4),(2343,'742907e7-30de-44bf-87e2-6f8eeca01159',2,9141,1,3),(2344,'7c18b187-891f-46cc-a1f0-0855ab13377f',2,9247,1,7),(2345,'80f3c791-d6b5-4bdc-b20b-caa82c893d34',2,9393,1,1),(2346,'b4fa5b24-af1c-448e-858f-60086e81f881',2,9212,1,2),(2347,'e4264035-bede-48fa-addf-cf72f7810261',2,8901,1,3),(2348,'94190b35-337e-4bd9-aa01-d7a9750379b1',2,9268,1,3),(2349,'4639eb72-98ae-4741-b634-e84cc00e7796',2,9293,1,7),(2350,'f6defe63-e775-4e8a-9c81-4277a99fe1ce',2,9146,1,2),(2351,'b451938f-604b-4992-84c3-f682e3221c63',2,9344,1,2),(2352,'b1b17773-e424-4ecd-9b98-01e8dac591b5',2,9467,1,2),(2353,'e83458d2-5952-473d-b9c4-1c5bc3f4c6ab',2,9264,1,7),(2354,'bb990441-0cc6-4a61-8370-6c84539d915a',2,9393,1,6),(2355,'8914b969-c192-4642-a1e8-9cb4dbfd4856',2,9260,1,1),(2356,'76874011-2c9a-4f63-b3af-284387a37d77',2,9366,1,7),(2357,'885824bb-4eb2-4e33-9fdc-c5584e74288e',2,8945,1,1),(2358,'9fdcc3ff-d3d4-4523-9387-16147c7a6293',2,8901,1,4),(2359,'901d4cf4-9d78-46c9-aa1b-38e83b94a193',2,9206,1,1),(2360,'8d41d2c1-2cff-4b80-b1a1-160c6e53e95b',2,8888,1,1),(2361,'ecf29719-679c-4355-948e-94af8e6c81c0',2,8988,1,6),(2362,'f11bfab1-db9e-43e9-970e-bf34752b776a',2,9140,1,6),(2363,'f321cc1f-1111-4db9-ad67-516c43837c02',2,8862,1,2),(2364,'be293ab7-c680-4100-aee7-34e4afa0fd71',2,9289,1,2),(2365,'797165b6-f001-4b4a-9dd9-3a460bcb0e33',2,8872,1,1),(2366,'82f67227-3f4c-4050-a92d-bace587903e5',2,9020,1,2),(2367,'a948f624-34d3-4667-ad6f-2db96bf5495e',2,9195,1,7),(2368,'8cdc9605-e370-402a-b914-04c0bff4cdad',2,9306,1,7),(2369,'fe566958-1e4d-4073-a48e-77dcd31065e5',2,8872,1,6),(2370,'b2a23e3c-07cc-43b7-ab8b-e798355ea158',2,9003,1,7),(2371,'090d1bf2-4bc2-49b3-8351-c238987628ee',2,9391,1,3),(2372,'4abc6c82-6dc2-40d4-9e5d-8eadb9dbca3d',2,9230,1,1),(2373,'95828589-9d3b-470f-a181-46774047d0f6',2,9137,1,3),(2374,'4a2ebd4c-e979-4050-b725-d83f6699c230',2,8984,1,7),(2375,'ccc6bfb0-5d1f-413a-adc5-56d25be65b89',2,8877,1,1),(2376,'fee6ea67-99ff-4cd4-bd26-10655d8a3129',2,9141,1,4),(2377,'fd2526c7-c242-4a0a-bae7-b1b3f3e056ad',2,8971,1,2),(2378,'88c80f8a-339b-43d0-82ed-ca272dd5d445',2,8914,1,2),(2379,'bdeb72db-4388-44f3-9cec-9376f812c8a0',2,8953,1,1),(2380,'c5e26c31-c70b-4ddb-b55a-c5c6bdcf2f76',2,9155,1,3),(2381,'15169f7d-dde2-434e-8152-4dd5d5933344',2,8990,1,3),(2382,'e574a004-7d92-4f38-9ced-58922b09c186',2,8978,1,1),(2383,'6dff7822-e240-4e1b-9857-18e91c207896',2,9129,1,3),(2384,'c58bc71d-9b86-4d57-bb28-92eb94091c23',2,8945,1,4),(2385,'4e8d9968-dd4f-47cf-9d53-fa7d3bdd0bec',2,9338,1,2),(2386,'9a74aac5-f5b2-42fa-b03b-106915dee0eb',2,9317,1,1),(2387,'d8b9a385-fae9-4aa0-aff3-99bc74457e55',2,9367,1,7),(2388,'5eca741c-b8c3-46d3-9bad-f652a2a1c7b2',2,9411,1,6),(2389,'d3320f06-e4fc-4a76-9fcb-776265d973c6',2,9287,1,1),(2390,'cc2d596a-ea7c-49f7-b404-d54c9287b582',2,8931,1,1),(2391,'92537fbf-841f-413e-9a34-e888265613d8',2,9137,1,4),(2392,'5c231d76-e9cf-4631-afca-f353bd4a83ce',2,8927,1,1),(2393,'e42618c5-0ff6-4f3b-afba-79e847f7e285',2,9047,1,2),(2394,'3362e57e-f193-4d52-a7e5-4afdb4f4f95c',2,9317,1,6),(2395,'f6bcd851-bbfb-4ed4-bd48-ba0ca6e15942',2,9065,1,3),(2396,'97048b62-1cf7-4732-91c7-cc8532cf7b12',2,9480,1,3),(2397,'f167ea4e-6ea6-4ccb-bbb8-dae55975de91',2,9482,1,1),(2398,'74326628-416a-4ead-b23e-a98d25b7bffe',2,9300,1,2),(2399,'08d59f0b-b0ca-47c0-aa6f-09c556399369',2,8857,1,2),(2400,'1545259f-990d-4e2e-8727-0ab93f99deb2',2,9076,1,3),(2401,'6fedb8aa-8e53-4c28-9b9b-f935e83730b4',2,8970,1,7),(2402,'ea6e794d-5291-4c6d-b5f9-e85751701df0',2,9108,1,1),(2403,'0e547149-efe4-4d95-bdb2-f6eb252c63fc',2,9202,1,7),(2404,'3b58e267-2d47-4322-94ef-76f482f56a85',2,8920,1,1),(2405,'80853422-51eb-4060-b151-0be7697abbaf',2,8915,1,2),(2406,'9b9070be-7e35-4158-977c-060267e8af42',2,8961,1,2),(2407,'4b43b6a3-7f2c-466f-869e-ab25aca231f2',2,8978,1,2),(2408,'0150a967-bdb8-445a-9cc3-79b3d652b802',2,9065,1,4),(2409,'4bea4dc0-6383-457e-b1eb-cadd46e7697b',2,9436,1,1),(2410,'5af9b12f-a2df-4b5e-b43b-aa9fc4512530',2,9076,1,4),(2411,'db3f953d-bc9b-47ef-bc33-d4893c7bd517',2,9114,1,7),(2412,'3bb4fea8-2356-4d3e-8d9b-e92aad4e20ee',2,9030,1,2),(2413,'417ec07f-dadf-4961-a480-b1942e2f97d8',2,9480,1,4),(2414,'5b6d4e50-d505-486b-b7da-540f2528a048',2,9026,1,2),(2415,'bd30ecb1-1b9c-421a-bd77-bb1d5fe7d0a3',2,9214,1,7),(2416,'b5cb67c1-3c89-46d8-aa81-1db38b98c094',2,9130,1,7),(2417,'7fc636a5-269f-4297-9ac4-2a7059ef02de',2,9045,1,7),(2418,'0d6f38a9-d42e-4100-bb4f-27daf3dbb5ee',2,9462,1,3),(2419,'25810e8c-6940-4fa1-8e19-d348ebed8d0d',2,9216,1,2),(2420,'725dd312-64bd-496c-92ca-8806c3a938f5',2,9490,1,1),(2421,'21e7f49e-ae53-40e4-97ae-88d83f34ad30',2,9357,1,2),(2422,'1835b1ac-f688-4682-833a-79b73745fe5a',2,9400,1,7),(2423,'17224813-8246-4219-bd6b-4945f7b958b6',2,9044,1,4),(2424,'a2ab231a-06a3-41f5-9268-7ea8c9395877',2,8915,1,1),(2425,'74798e2d-eb81-4f9b-b351-50fd97ad1c3c',2,9205,1,1),(2426,'d3ab7246-33fb-4ea1-91cb-c9a01a84ecc4',2,8879,1,7),(2427,'00a580a1-768f-4d92-bd5f-7b6e3435a125',2,9158,1,2),(2428,'8ee071bb-77b0-482a-a69b-3f1eaad8b487',2,9206,1,6),(2429,'d087e88c-4170-484d-bdae-6a31eca9f2de',2,8889,1,3),(2430,'c7962c7d-cd0a-4789-99a1-b0d503e2d062',2,9155,1,4),(2431,'bbed2bae-e2a9-4e8f-9a77-738749b8bc8e',2,9321,1,3),(2432,'cac44b7a-c56f-4dcb-9408-cb0c9a3ef3a5',2,9431,1,6),(2433,'6812e4b0-312f-4c52-aed2-24b13ec70ad3',2,8919,1,3),(2434,'3ffc8088-6afc-416f-bcd2-f48274dd0877',2,8994,1,1),(2435,'82014db9-3217-474b-8ef6-8cf0b7ae3882',2,9462,1,4),(2436,'5300a06d-b058-4c71-b0de-cdb1e3e87e00',2,8978,1,4),(2437,'df526a7e-9eae-4fcf-ac07-5891029629aa',2,9487,1,7),(2438,'d8b623f4-4185-4156-9144-5e657a15be05',2,8920,1,6),(2439,'37cd1aa9-7e65-4acc-adb1-041d2e0b7c6d',2,9237,1,7),(2440,'f016b7ca-c166-4cbe-9bce-c3a87c750b25',2,9149,1,7),(2441,'d45d0312-3971-4fe3-b3f1-23450da67638',2,9018,1,2),(2442,'9b189785-568d-47a7-9c2f-c9542445e26c',2,9258,1,7),(2443,'631ce166-df07-4286-9109-80c00dc614a4',2,9262,1,1),(2444,'3afbcb00-4ed5-492a-900c-2e2212fe2bf2',2,8877,1,6),(2445,'70798404-76ea-478c-ba29-41073aed7bb2',2,9022,1,1),(2446,'5e8a9f43-ec0e-470c-ac80-bde6817b4d19',2,8990,1,4),(2447,'659fb44d-f217-465e-9ce2-46497bba5057',2,8921,1,2),(2448,'1b9f1966-1304-49cc-bf31-efdcfd3bc671',2,9024,1,1),(2449,'4cd37aa4-ada5-4d60-a0d7-3c4f535c9d12',2,8875,1,2),(2450,'bdee7aed-6473-4ade-9ee1-93148656ad62',2,9010,1,2),(2451,'bb474a85-97e8-49cd-bb18-8ab92cbcc85b',2,8914,1,1),(2452,'16e20a94-21e9-4fe1-a564-373796c5f726',2,9375,1,7),(2453,'7281ba1f-6348-4e70-899c-065d67898834',2,9184,1,1),(2454,'3fa8db21-350d-41d7-abcd-02a06081de9f',2,9482,1,4),(2455,'70312db4-d0b0-4597-86e8-ecd784cdf4cf',2,9072,1,7),(2456,'56e86ff5-e4be-4a29-9c96-a85ffb2be36f',2,8919,1,4),(2457,'04a231ab-5c44-4350-99b7-7e7bbd01f470',2,8927,1,6),(2458,'98fb3269-c8b6-4889-b124-993e42280003',2,8995,1,7),(2459,'13beeb4d-f7c0-44d4-9d26-19ed09ce633a',2,9129,1,4),(2460,'475a7ce4-f798-495b-a08f-cfcadb64ad40',2,8972,1,1),(2461,'f2bbbe59-c89c-4cf3-b7ec-ae0878b44c73',2,9326,1,1),(2462,'41d265d1-8f62-4a8f-ad6f-a6cd48a17b67',2,9410,1,1),(2463,'531ebf6e-031e-4a15-aa6d-a4c5ce34043f',2,9436,1,6),(2464,'07d60ada-377b-4c64-871f-b516eff9c9c8',2,8892,1,2),(2465,'b33b07bd-4b1a-4af0-bdc8-9a95a3e8e306',2,9476,1,1),(2466,'58d35886-3326-4f5f-b949-3fc31bbf5cfe',2,8915,1,4),(2467,'6e7cddd0-c58e-4404-868b-79e8f0787405',2,9488,1,7),(2468,'2ec7b31c-5b27-4fa7-bd3d-b02cc3d7257c',2,9321,1,4),(2469,'f6a44fce-34f5-4e71-bbaf-358e73326011',2,8914,1,4),(2470,'81338355-273a-4772-85c8-379036812bcf',2,9056,1,2),(2471,'a903c5a1-6c2d-4c6b-b238-2cc929ec5e3c',2,9246,1,2),(2472,'c6a5ec42-cc87-4701-af83-51461cf25c44',2,9164,1,6),(2473,'04938b6a-4711-4562-a755-89c1266f1a7e',2,9015,1,1),(2474,'d5274968-0aea-4174-b6ff-085c426868ea',2,9358,1,2),(2475,'07c79f53-966b-44e2-9293-030883ba0558',2,9218,1,2),(2476,'d66da218-b74d-41bd-ad88-c4ef35ebfa69',2,9022,1,6),(2477,'a1eafa0b-94e3-4365-9e05-523addc15481',2,9476,1,6),(2478,'c7d4bba4-8059-4ac6-a818-9e95438511d9',2,9151,1,1),(2479,'ab92a9f6-9abf-4068-b74c-f06cf0295f14',2,9326,1,6),(2480,'e9705e79-4d2f-40a2-9d1b-6cc35391092a',2,9075,1,1),(2481,'73d1f5e8-0f5e-4ea6-8850-2a0f7f489a86',2,9429,1,7),(2482,'4188ffe4-ebbd-4361-8f61-ce4708710dc1',2,9044,1,3),(2483,'708b0e1b-8f5f-4028-bc1d-9f0a2f4f8115',2,9128,1,1),(2484,'0a7a8231-497e-49d2-9b8b-8ad77875725a',2,8961,1,4),(2485,'9d15ca1a-7fee-497b-88a9-9cfd90c8977a',2,8972,1,4),(2486,'005266c5-0c1f-4a7b-af47-1e7bc2d8129e',2,9466,1,2),(2487,'c715a016-f03c-4358-b768-e9cc11064bc7',2,8953,1,6),(2488,'5b0fd302-c8b6-4f5a-bc39-f3208d6da998',2,8997,1,2),(2489,'cef28308-06db-4272-8085-6032b4b2dd57',2,8888,1,6),(2490,'327307cc-46b7-4cb9-9254-3f6c87765bee',2,8931,1,6),(2491,'82889665-1f49-4ec6-8722-8c5dddcbb2d0',2,9066,1,7),(2492,'feaeaabe-3769-421e-98ee-87ae4118e027',2,9024,1,4),(2493,'078fb2c5-5730-460f-b256-01231026b806',2,9392,1,7),(2494,'aa1996bf-9ec9-49b3-ae6e-d800b9c5ccfe',2,8889,1,4),(2495,'82749dba-2641-491b-97f5-39dd7a8dc737',2,9340,1,1),(2496,'199eb2c0-7d84-43c8-ba0a-0dc7e7b3aef7',2,9031,1,2),(2497,'bcddd051-fab5-4fd1-983f-cfd91c82e9cd',2,9184,1,6),(2498,'f1a6b33f-4ef4-4521-9a24-cd4ddb37b73a',2,8929,1,1),(2499,'0a59d597-ff23-402b-8538-62aeefa8888e',2,9228,1,3),(2500,'3f5ac33d-035b-4a64-9239-aa17cb2a2aef',2,9230,1,6),(2501,'5b104b0d-fa8e-4c49-b172-8d1784aa4974',2,9083,1,7),(2502,'3efff922-c469-47b8-bb29-b070b08c2b99',2,8898,1,4),(2503,'dee44ebd-e54f-4b5d-b19d-d452cdded9c2',2,9220,1,1),(2504,'37d051bb-d0f4-4c78-9978-43f6036bc49b',2,9490,1,6),(2505,'1f18e2ad-dafe-4174-b8c2-1ac40477af29',2,9080,1,7),(2506,'ae4de23d-ac02-4115-9e37-36bd3bcd6097',2,8899,1,7),(2507,'d7ffe2ed-93ea-4938-838c-d10439599198',2,9228,1,4),(2508,'a58ffdb9-ef5e-42db-b2d8-b6f283881d91',2,9410,1,2),(2509,'67edb11e-80fd-434e-9a0e-236533c38887',2,9346,1,2),(2510,'b5d59c26-aa84-4e40-8b21-8f80757138bc',2,9006,1,7),(2511,'d048e01d-88ae-4583-8b78-d1ffafbe2409',2,9024,1,2),(2512,'05261332-4b7f-489d-864f-fa52fd13c4ee',2,8979,1,7),(2513,'da959a53-c04b-48f2-90ed-0661560ca0e7',2,8855,1,7),(2514,'d6e763c1-4f74-48bc-92e6-8b3c8ee705a6',2,9273,1,1),(2515,'1b19a828-28b9-40f1-a848-ff34b89587ef',2,9119,1,3),(2516,'35f8c354-f47f-402b-89a4-ecbf6df8881f',2,9015,1,6),(2517,'48807b67-cc43-47bd-97d6-a3c59dc25854',2,9233,1,3),(2518,'6b027934-5b52-4e8b-8848-e9e94077eba6',2,9032,1,1),(2519,'508a932f-3068-4162-ab42-c3bfbb8ec50a',2,9071,1,1),(2520,'bb0bb237-1ae3-4fc1-872b-331db4080112',2,9075,1,6),(2521,'c97e03a1-13b8-48ae-a20b-6868e2a8efa6',2,9242,1,1),(2522,'cb20a944-fb4d-4086-8344-08406d04b430',2,9026,1,1),(2523,'9fdb029f-74a1-44b8-a40c-4147a620c3bc',2,9219,1,1),(2524,'88eda311-1d78-492b-9964-337e9ec4cf59',2,9119,1,4),(2525,'d1f90526-d20b-4fac-b5ce-9354d3b09aab',2,9190,1,7),(2526,'2a705d97-9883-40a5-9a0b-8ab348afbc83',2,9408,1,2),(2527,'f7b49ecb-48fb-422c-883c-4730491e7533',2,8871,1,2),(2528,'304c7c4c-403e-489d-b88c-afce73fe489f',2,8898,1,3),(2529,'cc738352-3a91-476f-8382-4b27d08aa704',2,8950,1,4),(2530,'cec05de9-cb4b-4083-bc96-b64b560242c2',2,9314,1,1),(2531,'fd021e4c-b87c-4a8e-885e-d618121cca17',2,9220,1,6),(2532,'07487e7f-b719-47cb-81de-8bba4c5d43fb',2,9188,1,3),(2533,'f4398b94-fe51-4b1d-b441-175ce802580a',2,8863,1,2),(2534,'669b9e70-549a-4363-87e4-57c760482814',2,9410,1,4),(2535,'e7dfe5bd-fc35-4ec1-bece-aad9c7f93fa5',2,9224,1,1),(2536,'b049ff16-2677-48c8-b746-c3c7c7ec6496',2,9314,1,6),(2537,'ced1fe32-8a0d-4284-b32a-1da351c75abd',2,8950,1,1),(2538,'aad2e5a4-6214-4747-a833-225d71e1449d',2,9153,1,2),(2539,'d717e1a6-0f83-4645-8024-55e671a95e95',2,9026,1,4),(2540,'eb1adc41-6e4c-41b7-894a-499a94e6fc37',2,9270,1,7),(2541,'797ed6bd-5e87-41d7-9cbc-3b82d7496ae0',2,9133,1,3),(2542,'50cdfd2b-1775-47bf-ac36-17745e1c6894',2,8895,1,3),(2543,'43fc1e44-3df5-4ca9-b401-2cc6a2faedc7',2,9287,1,6),(2544,'f944459a-4e61-40af-9223-cf6159bc9ec2',2,9278,1,1),(2545,'f86d03b3-dba3-4301-b486-d8242d2803a1',2,9108,1,6),(2546,'f97620a4-27ee-49ce-a581-91289d8e46c8',2,9252,1,1),(2547,'386503fa-94f4-4530-a71e-6ae6723016e3',2,8960,1,1),(2548,'edd7672b-608f-4b09-a693-52e67703dfc6',2,9167,1,1),(2549,'d983ca8b-f877-4b89-9ed9-f75ee52b03c3',2,9408,1,1),(2550,'963e17f4-7525-4ddd-8eb5-0a76aa8c9b65',2,9474,1,2),(2551,'2e1e08cf-6031-4249-b888-e36f9f56f292',2,9229,1,7),(2552,'ac852ccd-cd43-42bc-a0fc-18aa0f466efc',2,9133,1,4),(2553,'72e5d8bd-b79f-44a0-a0db-c0e419bcc310',2,9460,1,1),(2554,'91ba6328-d636-4dd4-9dd6-1a20db95ddb6',2,8904,1,4),(2555,'4c16fded-f28e-4981-a4f7-e0ad1cf57185',2,9175,1,2),(2556,'6d53f355-174c-4df7-a4c9-adc5d5ac80de',2,8873,1,2),(2557,'b2fb6492-5217-44eb-95a2-3101d72e453b',2,9128,1,6),(2558,'b801b7b3-fc32-4ed2-a2c0-1b89b9a95cfe',2,8998,1,1),(2559,'d5824858-1aca-41fc-ad29-e839e93af1db',2,9173,1,1),(2560,'a042e18c-a710-494c-9b43-2fcb688970f3',2,9093,1,1),(2561,'9bd3549f-4ab4-4dfa-ba14-5445d12e072a',2,8904,1,3),(2562,'987d0589-38d4-422d-8920-0b5e2bdf9ee9',2,9107,1,2),(2563,'44ebdfd9-2de5-4c11-98ad-c0441642affc',2,9142,1,1),(2564,'46c75bec-ee01-405b-a706-aa4df35cafeb',2,9404,1,2),(2565,'335c615b-16f0-4f25-9508-a50f8e1729f2',2,9277,1,3),(2566,'7d7f9f2a-990c-43b7-95bb-7c26d18cfcf1',2,8895,1,4),(2567,'f2681a96-00cf-4860-b8c9-ee8bab60ca9e',2,9157,1,3),(2568,'69dfe645-2ca5-4498-a15f-18c41a644370',2,9055,1,2),(2569,'1acdb0ac-414e-4064-b33c-1580113f984c',2,9297,1,1),(2570,'ba5d6bb6-e999-48aa-a35d-6745c574d44a',2,9277,1,4),(2571,'359f9b04-7c3a-4e0a-81b5-2e4dcce6382a',2,9169,1,3),(2572,'96620349-3da8-4a7a-a726-dcdc8179fa96',2,9032,1,6),(2573,'73cd7821-6430-4517-b304-323eb07a45a5',2,9151,1,6),(2574,'4c1743d8-6abc-4037-9cfa-a299c494f4d4',2,9071,1,4),(2575,'69f46497-5fe9-425f-b25b-3e82e44c512f',2,9376,1,2),(2576,'7162737c-3153-430d-81fa-8b06ecbe912a',2,9351,1,3),(2577,'844f8d46-069c-4292-9dbf-d31ac91a3667',2,9042,1,7),(2578,'0c9b0a9e-3d9f-43ab-99c6-6d3b268e19ca',2,8891,1,7),(2579,'dbecf841-08e0-41a3-b1bf-bb7a4ad8890a',2,9481,1,1),(2580,'d9bc994f-09c7-4004-9ba8-38e433a077bd',2,9493,1,7),(2581,'70074984-89d3-4e35-8dc0-0c1978d058d9',2,9093,1,6),(2582,'3110aa53-bd10-4a24-9db2-e145036ecf50',2,9152,1,1),(2583,'72a81928-f603-465d-ab7f-e8c61bab38a3',2,9227,1,3),(2584,'e31a1e89-767d-439f-ae81-073f87018447',2,9427,1,2),(2585,'bb4a5fa4-0cfc-4747-8cc1-a9b80141a9c6',2,8942,1,3),(2586,'108481e5-52c9-4193-8138-acb070783d1f',2,9455,1,2),(2587,'b2683d93-67a6-478b-ae29-08be6446a040',2,9438,1,7),(2588,'72bf82af-00e2-400c-89c5-a8bf6da2734e',2,8944,1,7),(2589,'3f16e2a8-3301-4484-a7f3-6b3f98c73264',2,9167,1,6),(2590,'33715d72-7dce-4762-9f1e-b4995df0f7a3',2,9048,1,7),(2591,'a8d9c4fb-8a9f-4942-a2fc-feba8bd72ad7',2,9157,1,4),(2592,'c8d6d325-a283-4970-8381-609826257c13',2,9216,1,1),(2593,'f74d15ed-18c3-4b68-8cab-c4dd455b0b64',2,8966,1,3),(2594,'89fbb9ee-22c4-4f21-8fea-017f410d11b5',2,9240,1,1),(2595,'7595b9f2-4ddd-438d-ae41-0badf8902579',2,8926,1,3),(2596,'13a11075-a714-4892-809e-bf94f7d204b6',2,9352,1,1),(2597,'e6c95ddf-d30d-49c7-a941-4009c65784a3',2,9057,1,4),(2598,'36551824-05af-4525-99e9-ab88e00ba1f2',2,9285,1,1),(2599,'1d80561e-f42e-4051-9ce2-31859dbed286',2,9387,1,7),(2600,'edbeee16-067d-4900-bd75-a12fdb29948e',2,9216,1,4),(2601,'243605b6-350a-478c-acb6-fd58ed03c9b5',2,9152,1,6),(2602,'036c342d-684b-4f59-887f-30e490bdc4be',2,9025,1,7),(2603,'0b8f5313-a192-4935-8f7c-89e9bcb0f698',2,9142,1,6),(2604,'94c42e55-25d7-4554-a571-532239655bb4',2,9292,1,1),(2605,'372388c2-bb52-43b8-a980-03cef97b1d5a',2,8951,1,1),(2606,'f83cf4e0-bc51-4890-a4e9-e1e2f84d91ef',2,8873,1,1),(2607,'f82ded70-6248-4b09-a2e1-e175dd287671',2,9351,1,4),(2608,'428195ec-c654-4879-9282-7b00046d5edf',2,8907,1,7),(2609,'13b253f4-dcfe-4fd2-81e7-0861ef06e94d',2,8985,1,2),(2610,'9d12d177-aea6-4222-8bf0-a9483f8ae39d',2,9408,1,4),(2611,'c7f5bc2a-6ebb-4d01-963e-d097ad64c9c1',2,9292,1,6),(2612,'c4d7363f-9928-4c9e-bbab-a9540c9da1c4',2,9057,1,3),(2613,'f5989f06-a609-4e56-93ed-cd61cc0edb8f',2,8942,1,4),(2614,'dd1027ce-3c27-486a-b7d2-3a9d49744ed3',2,9194,1,3),(2615,'25f9499f-ea66-4bd3-bbb1-b2664e76cc48',2,9327,1,1),(2616,'38b9eedb-5fd7-487b-9bf4-8c59931e27fb',2,9472,1,3),(2617,'7875b25b-b86d-4b9b-8fc6-27df282cb9a6',2,9147,1,1),(2618,'abb9c37a-3dd8-4916-8c4e-27c480c59ace',2,9173,1,6),(2619,'90a18ed5-fb25-4633-afd1-c0b89de65e5d',2,9193,1,7),(2620,'a3ce2b9d-66d4-4023-9b85-5c2d9e85514b',2,9192,1,4),(2621,'a498364c-5782-4b81-acc8-a2f05757f3a2',2,8873,1,4),(2622,'2b000da0-bca3-41d4-ad1b-7dc75d79e9b7',2,9169,1,4),(2623,'44f816b4-520d-49b7-90c8-135927819b43',2,9192,1,3),(2624,'4e42eaf0-ae4a-4518-988a-a7c2e872ba16',2,9219,1,6),(2625,'c2355d28-b931-40e5-a7e6-f9ce1e3725a6',2,9064,1,1),(2626,'eb17e86a-61f7-4bc5-9c91-882689eea2c7',2,8966,1,4),(2627,'41c6d199-3120-4452-b993-49efb88b9dc5',2,8940,1,7),(2628,'1a5fb1e8-e709-4b1f-a90e-29ba3e217013',2,9227,1,4),(2629,'42901d02-83b7-43f9-aed6-526edd468c3d',2,9349,1,7),(2630,'1c5392c6-874c-4266-9cbd-df97714c972c',2,9147,1,6),(2631,'8fb4e7fa-1b61-4f73-93b2-769ada5756e2',2,9064,1,6),(2632,'a0dccd42-b99d-42e7-8fda-0a8b2e89819d',2,9352,1,6),(2633,'4dd6c5e6-ca5e-484b-a3fa-b3f707d4ff88',2,9020,1,1),(2634,'9af5d18b-4861-4470-9967-00d6359d3675',2,9433,1,2),(2635,'7eed9fcb-20c5-448c-9e77-d2153c7cebad',2,8998,1,6),(2636,'27639e32-c1f8-4e20-9647-33716856493c',2,9122,1,7),(2637,'4c41e46c-73de-46ab-9b87-d9e6ad573e5f',2,9160,1,1),(2638,'4e37f4d9-071d-4bf8-8a65-7bb909edded4',2,9029,1,7),(2639,'56ab978a-52d2-4f00-bf29-fa6d239d82b9',2,9472,1,4),(2640,'9f28d35e-cb7d-42fe-9791-84d8c02f3b98',2,9285,1,6),(2641,'5f2641a6-c0c0-4090-bfc0-6e4aeccf1ef3',2,9336,1,3),(2642,'a7a0a62f-086c-45fb-8070-ba51506986b1',2,9406,1,7),(2643,'af458a50-92b8-4c2d-a908-949b0f3dcf62',2,9422,1,7),(2644,'671ebd97-11fc-4f85-9953-53ca5ac80d6f',2,9362,1,2),(2645,'12e07f1c-d8de-40fd-b0b9-ab0ef0696045',2,9412,1,7),(2646,'3a42f657-1490-4660-81aa-09d315d53f78',2,9020,1,4),(2647,'2dbab11a-4381-4aa5-bd51-793b26fa85a0',2,8980,1,3),(2648,'6edb0213-5506-4a34-bbbd-797e7bc2ddec',2,8957,1,2),(2649,'9dd4dd0a-9ec0-4d9e-a3c4-33c4ad3ca0b9',2,9052,1,2),(2650,'bace2f02-814c-4578-9275-3a3aa11acbe0',2,9491,1,1),(2651,'0363b620-1594-44b5-b1bd-f496aac72d2d',2,9205,1,6),(2652,'ff24de6f-a488-4cf8-a7a2-651f2edca0bd',2,9035,1,1),(2653,'6d6fd984-9c2b-45eb-8e7b-01c75c21c961',2,9040,1,7),(2654,'7f0d3af1-8faa-4890-9033-7c75328e454a',2,9407,1,2),(2655,'77ebf9e9-9b8e-469d-9344-d646a7865f29',2,9095,1,1),(2656,'15c521a9-aded-4021-b125-74ca48ef401d',2,9068,1,1),(2657,'36ad6420-bc65-4c65-be63-cdeb9f6ceedb',2,9371,1,7),(2658,'61780f0e-22bc-4351-bd10-c718014828d3',2,9340,1,6),(2659,'18a19ec2-990b-4af4-b17f-d1912177ea21',2,8859,1,1),(2660,'7648722d-48b5-4c87-9a6c-5f47b2c2f796',2,9357,1,1),(2661,'a705208b-222c-4456-84b8-69034e83d274',2,9279,1,1),(2662,'c1895d05-93e2-4aac-a44a-824ee923e172',2,8994,1,2),(2663,'db4692fb-8ad9-418b-a24e-513773e5ce0c',2,9262,1,6),(2664,'3d295e8d-963c-4d35-8ed6-4bf6bfaa9807',2,9252,1,6),(2665,'5910e9b7-5b12-4af3-9862-d397379a1098',2,8960,1,6),(2666,'6b0d5563-a072-409b-8013-78782174b4db',2,8963,1,2),(2667,'cc7d7926-241f-48ec-9447-49d7d2a4e7ff',2,9439,1,1),(2668,'d9e6f98d-6b96-4c22-9ebe-d6b247cded18',2,9011,1,3),(2669,'616086fb-7c84-4066-9bf2-d68a88c0c730',2,9194,1,4),(2670,'d0eb9e72-2e44-4f8d-b52b-3ea38d2bdf39',2,9242,1,6),(2671,'a23b55c1-cd75-4fde-9666-af56420073fa',2,9240,1,4),(2672,'c073dbdc-c0e0-4286-a11f-b15d3f2acc45',2,8918,1,2),(2673,'7d7d0d68-908b-4252-8ba2-b50080d1d6fb',2,8875,1,1),(2674,'2ac57e8a-b4f5-4a75-b334-14c4c91a5b8f',2,9330,1,2),(2675,'8c54fb99-e2c8-4d8f-a5ba-42a91b4e32b0',2,9070,1,7),(2676,'470af857-c0a4-40c4-9674-3929303aa5e6',2,9125,1,3),(2677,'7fed8c5e-dd23-462c-bb10-05aae2a80000',2,9004,1,1),(2678,'6f854d70-cbfa-4cf1-9d37-dd0832a19fa7',2,8916,1,7),(2679,'9b8ebbc9-9245-4736-926b-a2608a8a88b5',2,8980,1,4),(2680,'fd3033b5-64af-4a65-9aa2-6155ca8318f8',2,9011,1,4),(2681,'9d2fe52c-62e3-4bbd-b3da-faf6fce8a460',2,9329,1,1),(2682,'87532534-1a49-4331-a5b1-c4be582ff8e8',2,9450,1,3),(2683,'4993e2b0-da52-45bb-b8e3-2abc19e3a307',2,9103,1,7),(2684,'11702d06-cad5-4e79-b57a-3d5817bb0431',2,8935,1,2),(2685,'3b686a23-20fc-45f5-a46b-bfaf32cb932a',2,8926,1,4),(2686,'01169313-3e30-4131-b83d-6cfb01b4525a',2,9295,1,3),(2687,'38802b78-dbae-4cab-8e98-6ad63b6e30fa',2,9255,1,7),(2688,'5ce47d32-f806-478e-a980-92add1633268',2,9224,1,6),(2689,'ddcecfe4-b982-41e8-98f0-d95eb1b65f8c',2,8964,1,3),(2690,'4224d676-5c56-4a08-84d5-990bd8cbe8b0',2,9432,1,7),(2691,'703310b5-343a-495c-bfe0-91d2ad0a0bf4',2,9233,1,4),(2692,'332813b9-5734-4127-8751-633590a56052',2,9035,1,6),(2693,'bfe894c3-1623-4379-9792-88b4b3114fa7',2,9189,1,2),(2694,'6465a1df-2b3e-4cd5-9034-bba13fd0cc15',2,8887,1,2),(2695,'f0acc441-c343-4d1c-bca4-022a9f040a32',2,9279,1,4),(2696,'47e78087-ae7a-4e0d-924a-4585e2ae93f4',2,8856,1,2),(2697,'0d3c3c06-d908-4373-ba02-9969414175aa',2,9138,1,1),(2698,'aa9b3a72-486d-4d1e-89d4-b9dea5f4d912',2,9176,1,7),(2699,'ad6e381b-974d-4c99-a635-a9c480b96863',2,8948,1,2),(2700,'75a5217d-b63e-46f0-bd58-18707fc327d2',2,9222,1,7),(2701,'7ac58fa2-b2d7-43c0-8df8-3e5887fea696',2,8951,1,6),(2702,'607d3fd6-6e64-4495-905c-d7ae5a31e2f3',2,9245,1,3),(2703,'910f2b14-2d58-46d3-a8a5-0cc3ea74c5dc',2,9305,1,3),(2704,'8010c9a8-214c-4283-83be-f00ee1533bb8',2,8929,1,6),(2705,'726125c1-2be2-4b0c-bc07-c3bd608c4c07',2,8999,1,1),(2706,'7f5ce15e-ff73-4868-875f-8c4535c8a9e9',2,8983,1,1),(2707,'bdccf01c-ab1e-4883-9a30-97955b7dc293',2,8964,1,4),(2708,'904ef805-8766-4dbe-a05d-742299245697',2,9413,1,3),(2709,'353a9080-7b82-4da7-ab42-58c3c6952eb3',2,9322,1,1),(2710,'7a5f3694-6678-4361-867d-d52904fe0e65',2,9273,1,6),(2711,'f022eff8-a0e7-4186-bfe9-087222f90c1c',2,9450,1,4),(2712,'8f754502-309e-4163-b83f-389627f5cd9b',2,9097,1,3),(2713,'19c98f86-597a-4c48-9eb2-781d1b21dd23',2,9058,1,7),(2714,'1721ac24-f18b-4cf3-b35e-1c71d6f2591b',2,8890,1,2),(2715,'a2918e7f-e862-4975-bbb9-7360b3b6b317',2,9000,1,1),(2716,'4aa36b4d-38f8-4a7e-be86-f7a72d2b0fe1',2,9160,1,4),(2717,'9cf22414-13a5-4f59-b564-2f0070460ae5',2,8932,1,3),(2718,'89e89946-c542-4e02-bf55-e050ebcda5d9',2,9004,1,6),(2719,'7456b0cf-3b59-4ed9-89df-d0e1971575c2',2,9281,1,7),(2720,'8c67d182-4642-4674-a163-e85c4cdf82d8',2,9121,1,3),(2721,'b957b07a-22d1-4cb5-9e85-c84c117bdbe8',2,9260,1,6),(2722,'46b5461a-064f-406a-abdb-2ca92ee8df89',2,9095,1,6),(2723,'74267f58-78c0-491d-886f-379823ae74eb',2,9200,1,7),(2724,'2820f071-d99e-43a3-a228-01e0ccbb7a7a',2,9062,1,3),(2725,'b9d2ea40-46bd-4bd5-9734-626cc7df4611',2,9386,1,2),(2726,'9a9282ba-3fe1-408d-b3bd-b560ea4cd6df',2,9491,1,6),(2727,'192282d6-b230-4e1c-a9c3-e0c5b44cd13b',2,9305,1,4),(2728,'4d62bf27-a112-44af-b9c1-8f1330e19553',2,9451,1,1),(2729,'0641dc9a-6d2e-4880-829a-406c055c53f2',2,9188,1,4),(2730,'1c0e4b1c-7549-4fd2-9262-6cadde5e003a',2,9457,1,2),(2731,'c5e2acde-3ecc-4a57-b2d0-240c4786bcee',2,9261,1,4),(2732,'81c051b7-1e34-4b57-9b6c-f484e82845b2',2,9261,1,3),(2733,'3cd98ab8-c1be-4bbf-81c1-1bc82dfd4167',2,8999,1,6),(2734,'ff15bd77-907f-4517-af4f-0e075795c885',2,9069,1,7),(2735,'a592e979-26d9-4de3-a336-a33f7195f507',2,9134,1,7),(2736,'2afc8ac9-6e33-4525-a469-5c4ad10ca900',2,9343,1,7),(2737,'8c27bd35-75c5-48d1-b6a8-2caf4f88c49e',2,9231,1,1),(2738,'f3762403-ee7a-4c07-be9e-e36d191afe01',2,9054,1,1),(2739,'6f7600ec-af66-4deb-9eaf-f7ee3dbabc6d',2,9399,1,1),(2740,'32190961-954b-417e-88d5-38971d2b056c',2,9213,1,2),(2741,'0ff2ef71-63e3-42f3-962f-bb0eafc72ac5',2,8875,1,4),(2742,'2c490c54-85e6-4ada-a152-ab91c259b6bc',2,9421,1,2),(2743,'05165970-c19d-4480-9c00-81c7c901e344',2,8859,1,6),(2744,'6036abfb-1198-4707-8b74-3a73895ec736',2,9245,1,4),(2745,'efc3c76b-b751-4e9f-a521-b36ccbbbdfbc',2,9327,1,6),(2746,'b969bff6-af51-4c91-a102-973e438bd440',2,9199,1,3),(2747,'81f0e40d-2fbd-49ad-982f-3ab24fb47b6c',2,8952,1,7),(2748,'efce0b6a-7c92-45ce-b9f0-49bdefb77396',2,8922,1,2),(2749,'f1ba2196-661f-4d94-b8fa-a8fd899c8197',2,9211,1,1),(2750,'74c501a0-4d54-4c81-a5c3-7c3584082c3d',2,8925,1,7),(2751,'6c923747-3cc8-49d0-8667-d7946516178e',2,9330,1,1),(2752,'0531f9e4-c3ee-41c8-96fc-fc0f9ac306f5',2,9399,1,6),(2753,'3233efd8-4921-405a-ba2e-c9d692b36c5e',2,8867,1,1),(2754,'e9ff27c5-c7a2-4744-838a-2e9b9c489b17',2,8894,1,1),(2755,'83e43f21-0031-4b93-afa9-1fb9fe95144c',2,9104,1,3),(2756,'db38f194-5aef-405d-bf31-c801a843afa7',2,9295,1,4),(2757,'be508d16-a747-48ca-8394-021accedc640',2,8863,1,1),(2758,'c4ec570e-273d-4587-9ab0-a6d8b04d72b0',2,9283,1,2),(2759,'4654e4aa-60c7-4e4a-a2db-01e9dfc675cc',2,8994,1,4),(2760,'61af5e78-2df5-40ad-b8fd-a7bc45eafdc7',2,9404,1,1),(2761,'8bab6853-118b-433f-a776-16321b8d367e',2,9365,1,1),(2762,'756a99a1-4149-4047-83f5-e61533776e98',2,9049,1,1),(2763,'08f9d2a6-804b-4c41-9c0b-839433afb8b1',2,9413,1,4),(2764,'d8cdd098-238c-4e94-accc-5cebeb3999a6',2,9086,1,7),(2765,'3fa85fcb-64e7-4fed-88e2-408e091bcc0a',2,8943,1,2),(2766,'2e8cad82-90c9-4c72-8986-1e2716c27f02',2,9470,1,1),(2767,'34046db7-5c42-4634-aaee-6d88943973dc',2,9041,1,1),(2768,'0364d9bc-ffb3-443d-bb79-df05115305a5',2,9364,1,7),(2769,'8defe10b-b2b3-4f24-ab1c-a284f58318d5',2,9124,1,1),(2770,'0b82a895-2d06-4ae2-9a53-77bc9891c0a1',2,9427,1,1),(2771,'9af190c3-2ef0-4fa7-82c8-4d6f0df4ad1d',2,9339,1,7),(2772,'8379c7d6-1859-464c-82fa-090476238181',2,9062,1,4),(2773,'bb36a003-9979-472b-b337-545e235cd252',2,9017,1,7),(2774,'61e4a539-cf48-41d0-a62c-7ccd14db42df',2,9451,1,6),(2775,'9ab2c362-a4d3-484c-96d8-a1a3385ed09e',2,8936,1,7),(2776,'d963ca80-ee3f-4837-93c1-9cccac638c71',2,9165,1,7),(2777,'c754f536-578c-4e4f-a91b-c4a507dc6f80',2,9308,1,3),(2778,'f3c59fdb-0ee5-42f3-b9dd-3d293a91b503',2,9010,1,1),(2779,'cbd81c72-18ae-4c7f-82cb-5bbb3c6799fc',2,8969,1,3),(2780,'7bfd64ef-8065-4a89-b97b-3db3ac7fb3d6',2,9325,1,3),(2781,'9bbe21be-4cf7-4feb-91f0-24a624e1091d',2,9416,1,2),(2782,'ec454edf-af22-4aaa-ae54-b4c3f408686f',2,8969,1,4),(2783,'6df88103-ab50-4c28-82c6-7eb6aff66cf7',2,9448,1,1),(2784,'80567fef-3903-4816-ad5e-8d0b98371dbc',2,9181,1,3),(2785,'9ea5904f-e595-40a2-a4a8-90fada398ec9',2,9312,1,7),(2786,'80d4a796-0d05-4490-a036-71ff2538ee2f',2,9427,1,4),(2787,'10ec5f0f-4bc0-4c80-9794-628601efdec4',2,9336,1,4),(2788,'6607426f-e9cf-468b-a644-f4b1835ab835',2,9125,1,4),(2789,'a09575b7-f865-425a-9016-4770f86f8d90',2,9361,1,7),(2790,'ed28f2c6-78b9-4e5b-ac27-d9242af15cff',2,9096,1,3),(2791,'2650685e-611c-425f-8310-3c95c2836313',2,9175,1,1),(2792,'660a2173-9a39-47d6-b273-f9d1a5a240f9',2,9204,1,1),(2793,'fc7edcb4-9e6a-405f-b22b-94479c94eacb',2,9168,1,1),(2794,'99fc4eb7-a57f-4e96-8571-3596c1c2418d',2,9481,1,6),(2795,'7c51f6ee-325b-456f-9987-061624081089',2,9439,1,6),(2796,'1cd33f8b-1f01-403d-aca0-8a2a201f4a32',2,9359,1,7),(2797,'d10ba8bb-0660-4f5e-8660-a46272d3d90e',2,9177,1,2),(2798,'284e3d26-d186-400b-af3d-a493b8f8a4eb',2,8902,1,3),(2799,'24457ceb-0ccd-4c61-b78e-bebf58c26449',2,9460,1,6),(2800,'d41b9af9-9ae6-4059-adf4-c8db2a25bda8',2,9468,1,1),(2801,'56c05ab1-f807-4654-b018-d0913a13508a',2,9079,1,7),(2802,'bc375200-8287-416a-a0d8-918fd94144fb',2,9198,1,7),(2803,'fbb2ea11-f4b5-45b8-abb8-74e285f610de',2,9082,1,3),(2804,'f0819e9e-d24d-4da8-b531-c6bc78d697d0',2,8867,1,6),(2805,'d432f9ff-7449-4712-9f5f-3e7f209a2fe8',2,9084,1,7),(2806,'c9287b41-afd9-400e-8859-77f3eb3e0a66',2,8885,1,7),(2807,'a47bc605-c667-4f10-b779-652619a13ba7',2,9012,1,3),(2808,'8832896b-ca2d-4510-84b5-aedbd945fa34',2,9320,1,2),(2809,'6c924a94-a59c-44b5-b2b3-7f3c72ad390c',2,9092,1,3),(2810,'367c7601-c786-49f7-962b-076df48b9656',2,9355,1,3),(2811,'cdaac0a3-65c2-47dc-b2a0-329744e310ca',2,9124,1,2),(2812,'cbcaca27-f993-4f11-957e-ab757defb168',2,9121,1,4),(2813,'15f3d1a3-fa78-4666-8929-1bb3ff73da0c',2,9204,1,6),(2814,'42c98e6a-0ae2-4043-88b3-a710c89df71e',2,9124,1,4),(2815,'9baed657-842a-4bcf-8fef-40e402ace367',2,8993,1,2),(2816,'26408063-86f0-4a87-8e0b-879df6829866',2,9303,1,1),(2817,'671e436a-2899-4c3c-aa44-3870bf6bbee5',2,9008,1,1),(2818,'1a40429a-aa04-4499-a315-e2b3c6dcc2d9',2,9302,1,7),(2819,'768ceae8-47e7-4355-ab24-d19fa11c0ae7',2,9300,1,1),(2820,'1ffa9f75-dfc3-40e3-84d6-3f17b055baea',2,9337,1,7),(2821,'be9c4194-0f9e-4a22-9a8d-ba90d19eb706',2,9250,1,7),(2822,'c3e63eb1-36a0-4f58-865d-fdefb539fcaa',2,8868,1,1),(2823,'bbfed3cb-28fe-4acc-9570-1806b5b9eafc',2,9113,1,3),(2824,'f9932b1d-31a1-4986-995e-f6c53585b28e',2,9370,1,7),(2825,'502cbd40-8890-40ca-9ffe-3bddf09d6770',2,9468,1,6),(2826,'e009c9c9-049f-4e21-8f9e-a6f91d6d8c6c',2,9315,1,1),(2827,'77fd2272-d973-4833-8cab-55dce9be502f',2,9265,1,7),(2828,'82a6bb16-4f24-4c05-bd6a-546c2bd19c80',2,9090,1,3),(2829,'39687dc6-e093-4aa3-bbe6-efc2fada9cf4',2,9322,1,6),(2830,'061c3149-dfa0-462c-8fa7-fd1c2c50e7a6',2,8938,1,1),(2831,'9bab882a-7b05-44ad-8c98-728c28b4cde1',2,8983,1,6),(2832,'e56b12f7-3399-406c-81ff-03b03dac189a',2,9418,1,1),(2833,'6f29c437-74bb-4f24-b1b6-ad415a2c32b1',2,9168,1,6),(2834,'865f8243-1047-4eed-8cf3-742bc2b9c08b',2,9369,1,3),(2835,'ea5adf90-1058-4d14-86ab-c317cecf0ca6',2,8982,1,3),(2836,'eff3986a-5da2-40a8-8bc2-ca6d9db81519',2,9021,1,1),(2837,'ee66125c-df2f-494c-9a0b-de48e1ddbed3',2,9470,1,6),(2838,'80587706-078d-4c13-a017-b390cb52942c',2,9102,1,1),(2839,'f558b722-9d87-4fdf-875e-0f1518f2e3e9',2,8917,1,7),(2840,'bf9362b4-c1a2-44b9-ac0d-75fae0a69561',2,9189,1,1),(2841,'ce209c0a-119e-4721-81f7-af933b6ae245',2,9303,1,6),(2842,'5c644276-06f5-4470-92b5-04758d365d57',2,9356,1,3),(2843,'d913a62a-965c-49ce-9cc8-31105d0a866d',2,9275,1,7),(2844,'c4c9e2b2-f2c9-4aee-9d88-226d22e194a5',2,9235,1,3),(2845,'c8cba73d-9a06-4c35-be6a-2d5b0c235b93',2,9138,1,6),(2846,'4e784645-0df9-48dd-8ab1-d7c4cc6c77ee',2,9278,1,6),(2847,'a5a10d6f-2292-482c-bbf5-ce102d9e66a2',2,9280,1,3),(2848,'2948852e-a54c-4fa6-86fb-837993f391f9',2,9296,1,1),(2849,'d73edfbc-1b6d-4d83-96bd-8a45d83b1c1c',2,9102,1,6),(2850,'67bc4bf5-99c3-4556-b0c6-3a9752915d2d',2,9231,1,2),(2851,'a0fdd941-cc10-4f27-be0d-bd4940f81eb7',2,9478,1,7),(2852,'d150b252-71cf-471f-a0d0-55729fbeccd5',2,9325,1,4),(2853,'0db361c2-09bb-4940-853c-c78715ddaee1',2,9082,1,4),(2854,'fe7c40b0-b5d7-430f-9bbe-8ff78d2e8420',2,9347,1,7),(2855,'e0539338-d62d-4f25-ae87-0ad724435e02',2,9113,1,4),(2856,'9b1ae3fc-523a-48d7-84ff-a76a93b5ef19',2,8863,1,4),(2857,'166c9f36-608e-4bc2-981b-0a5a420889da',2,8946,1,1),(2858,'fb95c6b6-0ea3-4e78-9465-6563deb07f38',2,9299,1,7),(2859,'c563c2e7-e045-4d7e-a7bf-6e79f87b6f53',2,9090,1,4),(2860,'0f81a01a-f892-49f9-a4d2-d11888c3e2ef',2,9440,1,1),(2861,'c3a26821-a3c9-474b-b2b4-f79ac6b597c3',2,9357,1,4),(2862,'158e89da-1ecd-493c-a15d-e07d533f951f',2,9039,1,2),(2863,'d2a7416e-8e61-4b0c-a9f5-60ca963e693f',2,9384,1,7),(2864,'f93673f8-85ad-44f6-8633-05009271a18d',2,9211,1,2),(2865,'19c1082a-8aab-42cd-b162-a89a557c0cc4',2,8892,1,1),(2866,'3691ac9d-781b-4d03-a94c-55aece5af6ca',2,9464,1,2),(2867,'93e9ec96-5a8e-480e-b46c-7c9f0afdc1ea',2,9298,1,7),(2868,'dc50ebf8-b66d-4377-ace4-19020b2ce747',2,9244,1,2),(2869,'11fb4046-de1a-4979-9bd0-3bcaf6c4bf10',2,9330,1,4),(2870,'c8e994e7-7a3d-4a1e-abec-2372e0c02fbd',2,8993,1,1),(2871,'6d62912e-f66b-4a66-8200-3a5708dcffa8',2,9385,1,2),(2872,'aff5f412-c5cb-4ec3-ae34-deb4c6d5646e',2,9050,1,2),(2873,'b9e64075-1ac2-4162-bf59-3e5ee8127190',2,9049,1,6),(2874,'2f5f4c02-a729-4f3b-82e4-bee3caf492c8',2,9174,1,2),(2875,'5bca0170-fbee-4d52-8d86-d489e77e6cec',2,9100,1,2),(2876,'4fc287a9-a843-44f9-9a86-48fa8d8b314e',2,9043,1,2),(2877,'d1590573-0ac7-42ac-b6d8-113e669ae9d8',2,9256,1,3),(2878,'8484b424-3c72-49ba-9dd6-e6cfafa4ffb5',2,9304,1,3),(2879,'cb1595cd-7701-4313-9038-67925fe1b2b4',2,8861,1,7),(2880,'0e0dfa00-6af5-45c6-8150-ec7b354f814b',2,8892,1,4),(2881,'fd4f7d9d-120d-4c8c-bd3c-7e27176ecd1d',2,9098,1,1),(2882,'77bb410b-27ce-4380-a36c-699b662edf92',2,9296,1,4),(2883,'0b75d8fe-fe56-4b48-a976-897ac0348f8b',2,9433,1,1),(2884,'58a87e3e-915b-4524-b50b-42e10810d97c',2,8866,1,3),(2885,'291b2f55-4732-4357-8e3a-c26d2f6bbaff',2,9120,1,3),(2886,'ad80fda1-04a8-4d56-84e3-b0a6705dfd0b',2,9067,1,2),(2887,'f74b09fc-5f25-422b-86d5-5329cd467432',2,9189,1,4),(2888,'459c0e4c-4fe4-46c9-9ef9-166443f4ce63',2,9249,1,7),(2889,'66e0cdc6-60bb-4d88-8b1e-c20082914289',2,9300,1,4),(2890,'76f20ac7-4a26-43dc-8f17-0d7d95cf7b03',2,9068,1,6),(2891,'a0710803-dc35-456f-85fd-8528e123371b',2,8932,1,4),(2892,'f9a6aeae-cd42-4b67-831f-ef5f08352f39',2,9369,1,4),(2893,'86414acb-2c66-4abf-9ed7-a2da251cec8a',2,9170,1,7),(2894,'a9f7eade-7d14-47c9-8c19-11d53c0642d7',2,9389,1,3),(2895,'ab02197e-6545-4ed2-b6e7-d74c4ea754aa',2,9207,1,3),(2896,'4f647ed8-1833-44aa-9880-bb3328d02e81',2,8996,1,1),(2897,'8fb41037-6ce7-4dd5-82d1-4942514875fd',2,9365,1,6),(2898,'dcb36d68-40c6-46b6-98a9-591ac17bb07a',2,9055,1,1),(2899,'9ab0c898-7ed5-435a-b79f-8501c00e1707',2,8894,1,6),(2900,'c9c7d3b5-7422-4eff-843e-7aab1d9eb957',2,9187,1,2),(2901,'9f78ef49-b366-45ab-8569-cd5959ddd996',2,9098,1,6),(2902,'88c45f6b-f859-4566-8d43-57d5581ee937',2,9038,1,7),(2903,'899abef9-d753-4d30-a2bd-487c1f414ec2',2,9363,1,3),(2904,'3e3d60d5-fa9a-410c-b82d-21c5b5f89c2c',2,9047,1,1),(2905,'c022801b-3bcd-4492-9672-435360813539',2,9471,1,7),(2906,'deb4f456-3215-442a-aac1-f98867f97d8a',2,9324,1,3),(2907,'8e3406bd-a4fa-423b-bf27-f95626875a24',2,8897,1,3),(2908,'4e001dbf-26f2-4454-8baf-59ac94597998',2,9329,1,6),(2909,'cafc969b-24a6-4f97-9269-d9ab6faab7e8',2,9063,1,3),(2910,'16d5dfbe-cce3-448d-b87b-4538639e6626',2,9428,1,2),(2911,'886e386d-c91c-4e08-9f7a-6504a0746f94',2,9266,1,2),(2912,'bdee2722-00e8-4181-88b7-1915807fbd2e',2,9000,1,6),(2913,'8a723b4f-425c-4979-bd30-a39a6441db05',2,9236,1,7),(2914,'587214a2-c456-4ef6-9ba8-6336ebf4460f',2,9225,1,3),(2915,'59929886-8677-47e9-a6a8-7fe8ebb31007',2,9402,1,3),(2916,'99464d87-2feb-4df3-b210-d412d52d451b',2,9154,1,2),(2917,'cb89dedf-6601-4d4f-a2e0-9bcc5d233888',2,9463,1,3),(2918,'ff0b9e0f-0c0a-4365-af87-b342fa6b0b8f',2,9007,1,3),(2919,'915a53d6-f378-4c72-8037-dbc9c1840454',2,9465,1,2),(2920,'eb60d9cb-d88b-4c86-9a57-2eec2af4af25',2,9297,1,6),(2921,'8f2dfb1d-5965-43c5-b65e-7ef954ff864a',2,9386,1,1),(2922,'7b082140-8d2d-4420-8a3d-234df2e69b2f',2,9440,1,6),(2923,'21be5b4a-b98e-45d6-ba09-e4bb78bccc1a',2,9492,1,7),(2924,'df8cd670-b05f-4534-94f7-25413914bc58',2,9150,1,7),(2925,'5a9c011d-fb63-4c2c-9d9c-0363064f31e3',2,9473,1,3),(2926,'c506e886-b034-4f0e-9b0a-72c9bb5492be',2,8974,1,3),(2927,'2289dbfa-da26-42c1-adfc-f7b229ad2f6d',2,9182,1,3),(2928,'779f2956-ff45-4205-9765-ca9d39bb952e',2,9448,1,6),(2929,'fd961367-0c1a-46c8-af41-d7f9c6da5775',2,8909,1,2),(2930,'842fdd62-6dd6-450b-a308-35ac28bd63b2',2,9274,1,7),(2931,'57af59df-0a29-454e-bab6-bf6e85736d77',2,9388,1,2),(2932,'4a5d91a6-b967-4d3d-afc0-2c4e50e086a5',2,9097,1,4),(2933,'35e427e4-f50c-4e17-973e-477828d1af13',2,9368,1,1),(2934,'ae1b67cf-9ece-4cc1-9334-62a6b974c198',2,9008,1,6),(2935,'5925443e-b150-4ab1-a93d-3e3decbe29a7',2,9403,1,1),(2936,'6d2c1287-aa9b-43a2-b05a-22a49bcf1898',2,9127,1,7),(2937,'1bfa1c1d-6862-43ee-ae51-74f98bf3ed2b',2,8918,1,1),(2938,'a3f2ddc8-379e-4f73-b40a-9ab731c68b0a',2,9013,1,3),(2939,'ca8e13da-c983-4140-9fc0-1599a9e15255',2,9446,1,2),(2940,'0766a86c-95d9-4ea2-849f-c7fdc9ecd8b3',2,9162,1,2),(2941,'7dd3c337-ef56-4ad7-aeed-1bdffae2353d',2,8957,1,1),(2942,'13756b72-b932-4581-a2f7-b7d44be00294',2,9021,1,6),(2943,'522585dc-d59d-4133-b3b1-9d369efc5f8a',2,9175,1,4),(2944,'5e8be27f-f8f9-4b2e-92d3-96c161130939',2,9315,1,6),(2945,'784512d0-dc78-4243-b3d8-15b8c2c22536',2,9056,1,1),(2946,'f46eca1c-e987-4f8f-97f5-ce2ec2cb1264',2,8893,1,3),(2947,'ccfb8682-e90f-4f68-a0ca-8a4228e571f7',2,9051,1,2),(2948,'96dbbd86-c17e-4fe4-9658-ab4c2c393e88',2,9403,1,6),(2949,'d758d22a-c739-4f54-861c-3ec85b4398d5',2,9199,1,4),(2950,'f8c7a2cf-9ff6-451f-9ed2-f682ce0b4309',2,9055,1,4),(2951,'a5e78ef2-24a1-4de3-b353-f6fa05fc271d',2,9215,1,3),(2952,'ed757987-f16c-49ff-85c0-404cc3b2b762',2,8868,1,6),(2953,'51731b25-c0f4-471c-aa97-a282bf7bbcf2',2,9018,1,1),(2954,'f05070a4-708f-4d6b-91e4-586389411a4c',2,9289,1,1),(2955,'54050373-cdf9-4966-8bdb-f712f9955bc3',2,9238,1,7),(2956,'b021cd91-e3d0-4334-bfe7-a1e54da90095',2,9074,1,7),(2957,'f2559a7b-19fa-4fc6-963d-e7761ea8a48f',2,9368,1,6),(2958,'f43b16a3-9f68-48cb-aabd-30ca98989c45',2,9430,1,7),(2959,'9650567d-08a5-473a-b4ad-4c6e73352358',2,9096,1,4),(2960,'79d0effb-8683-4f41-89c4-eacb4f4cb342',2,9378,1,7),(2961,'b9a6c441-f3e2-4e65-b67e-ea1956b0a46f',2,9171,1,7),(2962,'7014e2a5-f820-4080-9754-5936504d8542',2,9063,1,4),(2963,'a82a3c19-81a7-4721-b009-46928ec75576',2,9061,1,7),(2964,'abe4bb90-c952-4ff3-81ab-b8a71b2d4180',2,9054,1,6),(2965,'115730a1-beeb-4827-9bd4-dc7d82bce6dc',2,9459,1,3),(2966,'fb8ebe93-b57c-4c91-9a1c-5d0ce9d3ac66',2,8989,1,2),(2967,'2b347498-215b-4ad5-8b5e-69b231f642e4',2,9294,1,2),(2968,'df4a888f-8a1f-4d41-897b-266d04fe88bb',2,9104,1,4),(2969,'a85b0a5a-27d1-406d-b22b-67ebbd050019',2,9091,1,7),(2970,'cb0f5ae8-e0dc-4520-90ce-fc2461b323fd',2,8938,1,6),(2971,'c2a59935-5d80-4479-8ba2-fcffe1ad746a',2,8876,1,2),(2972,'d24ccdc8-67c8-4e63-b263-f72e8110d0d1',2,9401,1,7),(2973,'20eac0d6-46a1-47f9-bc8e-17128e717806',2,8908,1,7),(2974,'6b7231af-df30-4157-86b7-66c4411f0a36',2,9461,1,3),(2975,'4778d2da-e19a-47e1-9379-45a05961ff82',2,9051,1,1),(2976,'148aaa99-15ae-4d34-a708-9a6815dec51c',2,9307,1,3),(2977,'b50d8f78-7056-41f7-8a16-72aa7583ac84',2,9290,1,6),(2978,'e394be2d-30e4-4e80-b986-e1babd5a93f1',2,9116,1,2),(2979,'0cabf6c0-3e14-44eb-83f4-4c316d2bef0d',2,9313,1,7),(2980,'7bbdc36b-6824-4d86-872c-48e412b2ea5a',2,9156,1,1),(2981,'bb9dfd3c-2b22-41b0-af02-cf0f4a65c239',2,9290,1,1),(2982,'09c7b1ea-d54d-4444-9ee4-6afa4bc7f7af',2,9209,1,7),(2983,'14ba946e-264d-43e1-bc47-fb2fcccbadb3',2,9178,1,2),(2984,'909b7d29-f407-47c5-93ce-f0b0058dc528',2,8974,1,4),(2985,'7caf1228-90cb-4fb3-96d0-6c9ab1d1ee16',2,9201,1,7),(2986,'b92e39aa-5b1a-45c9-93f1-60f58aafdfe1',2,8928,1,3),(2987,'aad00261-56d7-4cb0-8f41-1e8711d2ff1d',2,9423,1,2),(2988,'16734b86-f2d5-4ac3-9ff7-d599cdd47f0c',2,8992,1,1),(2989,'3b8acf1d-a107-4eca-b23d-fd3cc32be519',2,9396,1,7),(2990,'0dbfc0a3-3ec2-4f4a-b177-ee2a30109925',2,8880,1,6),(2991,'bf6d9c43-1de3-4f5b-a5fd-f981fb529332',2,9118,1,2),(2992,'36656dc3-f8ed-4563-8a49-5d5a480dc0ce',2,9112,1,1),(2993,'9f825433-a26f-4002-8d0b-86ff4187c8de',2,9112,1,6),(2994,'0e50bd2a-2609-4736-9efd-f3ea7ca653ad',2,8933,1,2),(2995,'05a199e4-1189-4c19-b35d-3c6c2334922f',2,8902,1,4),(2996,'7bbf36a6-f655-47e6-816b-b0ba29d8f059',2,9424,1,2),(2997,'df5329ad-d796-44b6-8cc5-6ea89584493b',2,8864,1,1),(2998,'7a084b09-63c5-491b-9c6b-99bad697747e',2,9041,1,4),(2999,'4cfeeb8b-e298-40b4-bf78-b69b1868b011',2,9409,1,2),(3000,'c7eb7ee5-6299-4957-8747-a732b04f2b09',2,8880,1,1),(3001,'2b16fd2a-01c6-4f41-a443-76591e3897d2',2,8949,1,2),(3002,'b023eb25-c295-4c69-8470-7baa585acfbd',2,9123,1,7),(3003,'afbc0ef5-0609-401d-b219-e1af9be8830e',2,8924,1,3),(3004,'6b5ca689-10d2-43f3-8fa4-9306e15004bf',2,9144,1,6),(3005,'45a33cde-b7dc-4e77-8534-ea156ae3a4ea',2,9483,1,3),(3006,'e64adec6-a7e1-4ca0-9a3d-3571a483436c',2,9144,1,1),(3007,'dcf9f675-7d18-4d36-b9f0-0a4912511eeb',2,9447,1,6),(3008,'ef8e5332-ab15-4f94-8a78-ffce41b89194',2,8857,1,1),(3009,'047e7096-8dfe-4024-aac4-d631621f10d2',2,9463,1,4),(3010,'bf08b252-b66b-41bc-8526-cec365835edc',2,8924,1,4),(3011,'f9b1b0a8-1948-4fb7-990c-22ffdd515de2',2,9433,1,4),(3012,'9f2a0fd3-8047-4eca-a3ef-df3f7bc4e3a7',2,9447,1,1),(3013,'b980a875-d4ca-4c26-ba76-c1a62fbf1fe9',2,9358,1,1),(3014,'50b80367-859e-4367-9a9e-6db17f91e37b',2,9036,1,2),(3015,'fd3ae8bb-1e5c-4970-9a9a-4f575463726c',2,9355,1,4),(3016,'90406a35-ff02-4d73-a738-5adf626b6f65',2,8893,1,4),(3017,'dcc3ac97-c416-4d26-9da0-f4010fdd1ed2',2,9289,1,4),(3018,'54b282fd-7460-402e-b723-e962a5c90b4f',2,9221,1,3),(3019,'e2e09870-5362-4abf-9281-63f505b36ad2',2,9363,1,4),(3020,'aadaeb03-91cf-43d6-8ef5-e2331dcbbc8e',2,9060,1,3),(3021,'f3d49905-3c41-45cc-a38b-423c1e0774a7',2,9172,1,7),(3022,'9f903fab-4bfc-4be8-a2b1-25f703e290fe',2,9280,1,4),(3023,'cbfc101d-b0a8-4b1c-bee0-5a656e6dad27',2,9060,1,4),(3024,'6fd2c033-eace-4cb9-be6e-d4f2b1e30426',2,9419,1,6),(3025,'330956f1-d5d2-4f9e-b526-c74285386cc5',2,9301,1,3),(3026,'197edbba-39ba-4bf2-af90-380036ca7dd2',2,8896,1,7),(3027,'f9e963cc-48dd-4064-b255-41e1934128a6',2,8866,1,4),(3028,'5f539f20-95b6-43ba-9bd1-d009f651440d',2,9156,1,4),(3029,'f25da533-0c91-48c3-8350-7c72ad93dccb',2,8897,1,4),(3030,'cc7b0ef0-d011-4f70-8951-09fe7963aef5',2,9284,1,2),(3031,'7a0022f8-087a-4fdf-a895-3d04eb1d09c6',2,9081,1,2),(3032,'ed154595-7603-44ff-b793-6ad55c06eb12',2,9421,1,1),(3033,'26f27218-0d12-48e2-a0ab-7ac8b2b38cdc',2,9301,1,4),(3034,'8513a069-e8c0-45a4-bd1c-86db8023ec2d',2,8918,1,4),(3035,'2814b027-1b7e-4cb7-9337-14c78bbe6496',2,9308,1,4),(3036,'45ff6629-6778-43cc-8f9e-772fd698cedc',2,9294,1,1),(3037,'f2c31643-e9a0-4a92-9130-11f3a3bf1b8c',2,9266,1,1),(3038,'d837de16-95fe-46e8-a8df-89f09a578666',2,8937,1,1),(3039,'6be980c8-2f1c-4da2-8694-25d3c0cb5a26',2,9459,1,4),(3040,'c05a0451-ae8b-4824-9cb2-c7ff70a7a4a9',2,8928,1,4),(3041,'a0bbfbbb-39ac-4938-90c6-662c12b0b984',2,8948,1,1),(3042,'c3fa6ae9-a200-414c-9441-0c99eed132f1',2,9324,1,4),(3043,'61404d01-3c3f-4dba-9c14-22a8dda4b60d',2,9419,1,1),(3044,'ef02f512-0e11-4350-9f01-b6460fb98f7d',2,8992,1,4),(3045,'82327093-f5ed-45d2-83eb-101d913644c2',2,8878,1,1),(3046,'553943f0-34a3-414d-84a6-79f695bd3c2b',2,9221,1,4),(3047,'5be5f493-a4e4-4cf4-b8cc-a0cb1dd00d6e',2,9256,1,4),(3048,'f0f634c1-8404-4ad9-9cf2-2ce42842f3fa',2,8921,1,1),(3049,'a97e9f3d-f9ee-4924-a34d-0882ee7a8f15',2,9307,1,4),(3050,'864d35f4-fd20-4886-901c-cdb0da12a4b7',2,8887,1,1),(3051,'e9968d73-bc38-4e22-9278-337206acf4be',2,9389,1,4),(3052,'4d5703a9-f891-4735-87d9-fa98e9c1ca1f',2,9067,1,1),(3053,'5fe532ca-bd13-40d7-833b-897de3daffcc',2,8946,1,4),(3054,'b461a780-1113-40b9-9773-7a931c84385d',2,9358,1,4),(3055,'16983a74-76c1-49e1-b23f-76a11937ae11',2,9181,1,4),(3056,'b8ef5dcc-9916-40e9-b193-89c086307cea',2,9246,1,1),(3057,'73de3626-6136-45bc-a57e-49b1b1b358ea',2,8869,1,1),(3058,'feae3290-c86d-4cfc-adda-82c2b8f56af7',2,9383,1,1),(3059,'35f58966-cc6c-4078-8753-c99342d91fe4',2,9443,1,1),(3060,'b5cab8a1-8b3d-41c6-8cdf-a3759abe0ebd',2,9013,1,4),(3061,'d8ea269a-d867-47f1-aa51-765add653bc6',2,8996,1,4),(3062,'593a5103-563f-43a5-bb99-b802c92634eb',2,9211,1,4),(3063,'539cfdb4-bdd8-4a85-b076-c3f184062107',2,9217,1,1),(3064,'2a2f1cef-fb58-47c0-ba23-17a521dcfdc1',2,9402,1,4),(3065,'fdc8a62b-011a-485c-9d4d-e6c4327514a8',2,9010,1,4),(3066,'3e2426d7-d0c6-4db0-af1b-98f8f1afa7e6',2,9446,1,1),(3067,'5c53b2a0-8e57-41cc-83be-50a47e31cdf4',2,9464,1,4),(3068,'0883e499-ca24-4d52-8e6f-6fe7308f1721',2,8982,1,4),(3069,'dea34d11-cbde-43b2-9c74-b2c0e08933eb',2,9182,1,4),(3070,'99987bcc-2e0e-4db2-9a02-9d0328dcf862',2,9215,1,4),(3071,'c310961a-4893-4339-9099-e81b7aedaa34',2,9409,1,1),(3072,'2a7c5662-37a6-4fff-8747-66e189d06d29',2,9143,1,1),(3073,'9892a778-7b58-49b3-9c81-64478060dd8d',2,9356,1,4),(3074,'bcdd5ac0-8127-4106-bfb1-411715258544',2,9036,1,1),(3075,'76b04d4f-f8d9-47d2-b004-65dfc08449b6',2,9316,1,1),(3076,'22ec7a11-c47c-44ac-addf-9e20b4589e53',2,9443,1,4),(3077,'deec83a8-efdf-4feb-912d-e76414fda5eb',2,9056,1,4),(3078,'12eddd00-1aaf-42f9-ae0c-dcb1373b556c',2,9120,1,4),(3079,'8f91246b-2232-40b5-aea4-584f1d12edc9',2,9388,1,1),(3080,'217e4b19-8f16-4df6-81cf-676c0f469893',2,9464,1,1),(3081,'de1132bd-364b-47b7-9935-aaebb770cf48',2,9244,1,1),(3082,'02d28470-18e7-41b8-8d11-1f1cf6672599',2,9461,1,4),(3083,'364d77f3-2c4d-485a-924d-eb168c197115',2,8948,1,4),(3084,'4c2eda6d-0485-405a-be0b-5f31aa1ef06a',2,8864,1,4),(3085,'ad3fd2bc-bf51-4e52-9593-53df62e12450',2,9177,1,1),(3086,'202f7b01-821a-428c-8432-49bde115260c',2,9153,1,1),(3087,'7fb4cea6-5040-479f-ad06-230408687cb8',2,9316,1,4),(3088,'377ca6b9-0b51-40be-aa9b-dc11acd23ccc',2,8921,1,4),(3089,'542ace01-38b5-4d51-867e-c94ff7a35159',2,9234,1,1),(3090,'8c58edc8-bfd1-4e7e-aac7-7632cffd5df1',2,9213,1,1),(3091,'b3c516b0-6342-48a6-bc74-a3c185a271f9',2,9388,1,4),(3092,'418bf594-eb32-4aec-bbb1-4350c4298d97',2,9225,1,4),(3093,'83512b16-b265-44a4-8e4d-5b884067a5f4',2,9158,1,1),(3094,'55b7108a-748e-414e-b5fa-8b756453309a',2,9162,1,1),(3095,'2c1a5060-f60d-4b50-9762-581bcb2ad2d6',2,9409,1,4),(3096,'b3a08ab1-42b9-4f41-946e-4f5666f761e5',2,9154,1,1),(3097,'d1f528a8-a352-48b2-9ce0-336acb38df30',2,9092,1,4),(3098,'c7e7f8aa-4d09-4ffc-af83-6383d188c558',2,9483,1,4),(3099,'d5812d81-b114-46d6-b00e-c0f84e7a48a6',2,9052,1,1),(3100,'ecf4f5df-6445-4732-b3ee-b47b93e4d20f',2,8912,1,1),(3101,'eb75025b-4f46-476e-9dfc-e063a6110bd5',2,8857,1,4),(3102,'b793acd8-71b7-47cf-a812-01a7a8bce9c8',2,9107,1,1),(3103,'43c4fb78-9aee-4fa8-8525-87f9998058b7',2,9418,1,4),(3104,'8b33671c-01c9-437b-99bf-7298b8573ebc',2,8963,1,1),(3105,'3f64ed85-c62d-478b-b782-ba6fc7786de6',2,9244,1,4),(3106,'d6272d2e-85ba-4ad5-91bc-ccd7716f82a6',2,9232,1,1),(3107,'db2bb9f4-8a5d-4034-a076-8f6a8482aaf4',2,9217,1,4),(3108,'a88a47c6-08f0-4f36-b404-1c71f53e4479',2,8957,1,4),(3109,'ec440657-7b84-46c5-9eaf-3540e49a1570',2,8935,1,1),(3110,'51965ed1-74f5-4233-8957-4c688c246cc8',2,9473,1,4),(3111,'0d6b5b83-4227-4816-b395-4671fd267119',2,8878,1,4),(3112,'fa0120db-7546-46e7-af4f-a443ae53566f',2,9474,1,1),(3113,'4decca61-f48d-452a-a1f6-5bd3c78d02d2',2,9344,1,1),(3114,'5bbccfd4-10a1-415b-a97f-fe0372fd502b',2,9466,1,1),(3115,'14852d60-8e26-4cb6-ba79-5f214b98b142',2,9235,1,4),(3116,'39557ade-8128-4375-9dda-394d0636ecb8',2,9067,1,4),(3117,'818b7523-1ce2-40fb-8195-954aff91cd2e',2,8977,1,1),(3118,'e524bb9b-14d8-4121-90ca-2db3b46c4a15',2,9294,1,4),(3119,'daf73497-ad2f-49b4-b5cb-ccc707413a92',2,9404,1,4),(3120,'7d1f1c5c-81c1-4699-b0d8-fd4f2501fcf4',2,9212,1,1),(3121,'85affe56-e655-4929-845b-1da8f9cbb627',2,9039,1,1),(3122,'a4709719-8b77-40b0-916b-0c1c6691b396',2,9213,1,4),(3123,'46e61056-6804-4e42-b67c-f18f9b80c241',2,9154,1,4),(3124,'bd8cfb35-0e34-4b41-9d36-5a2caf1dc0b1',2,9027,1,1),(3125,'c585c94b-83b9-4ad9-bddf-971138151ea4',2,9446,1,4),(3126,'f4c007c2-4772-466a-a132-ed07f3965e53',2,9047,1,4),(3127,'a7acee3a-2c9f-4cb9-ad54-d751bbf3319a',2,9338,1,1),(3128,'aa5aa19a-cd02-445f-8f25-f16f1be313e0',2,9212,1,4),(3129,'6e83d9c8-e6ff-44ab-99ad-42ad60c3f435',2,9107,1,4),(3130,'7280bb34-e949-4fc1-b869-14b7e48c0a18',2,9135,1,1),(3131,'096e59be-78d2-4459-a255-3f6044ae80c3',2,9087,1,4),(3132,'d5b6ff09-4d6a-4245-9e40-ccdc93cae395',2,8912,1,4),(3133,'c5127e8b-b2e0-4c55-b6f6-74cf15d47a59',2,9183,1,1),(3134,'4515e076-1479-4cbe-8e6c-eaa6227b4367',2,9143,1,4),(3135,'cbeea206-ca65-4711-9a54-528a8fb64926',2,9087,1,1),(3136,'73f4e92e-e2a8-4854-bb5c-70969cae62c8',2,9036,1,4),(3137,'aeac6c32-810f-4d6d-8bdf-ce1305c94880',2,9052,1,4),(3138,'3ab77a59-c90a-411b-80c9-5f2151f034fa',2,8949,1,1),(3139,'a19b2363-4e88-492d-9d7e-eddcce1ace91',2,9177,1,4),(3140,'8a3ffb5f-2c27-4db5-9cbe-6da07b59269c',2,9146,1,1),(3141,'78807bc9-f1da-4fd0-baf0-8cd9051f515b',2,8858,1,1),(3142,'3fd6eef6-cdc0-46a1-8b24-29cd502f37ee',2,9030,1,1),(3143,'6df1a8d4-edf6-434c-95a9-b0a98d6618fe',2,8977,1,4),(3144,'ec8b7fe3-c42c-4288-b880-bbfda19be335',2,9416,1,1),(3145,'22d722ff-e2b8-4bda-807a-15951695d352',2,9251,1,1),(3146,'f122ae5e-2d50-4838-b0ac-b0257fc9f455',2,9197,1,1),(3147,'79df3ba3-3a78-4ec4-8710-e763ec2f10a9',2,9234,1,4),(3148,'86033143-bf95-43f7-9672-f99add7aeae4',2,9417,1,1),(3149,'015da5ec-7601-4b9b-ba9f-bc83afb5d759',2,9162,1,4),(3150,'be79c32f-da52-4e72-9ded-74d770d8ed9e',2,8993,1,4),(3151,'9dfceec9-ba5c-4305-85ae-82a0bd2ef547',2,8906,1,1),(3152,'9487b697-da12-4adc-9709-5e75863e882b',2,9263,1,1),(3153,'4b9542a7-e311-4259-a589-0f16b57c27c0',2,8935,1,4),(3154,'9709eaab-18c5-458b-b19c-66a0347a4954',2,9416,1,4),(3155,'b7d469fe-339c-4cb9-84c5-d476cc1b4b8d',2,8922,1,1),(3156,'7a0ef667-016b-43cd-9d87-88f9403c11e9',2,9197,1,4),(3157,'316fc0ff-a5d2-4c43-ab31-225c41bcab35',2,9421,1,4),(3158,'3aa67dae-a9ea-46c8-a18c-f934a727951c',2,9158,1,4),(3159,'4b3e82de-d526-420c-aedc-43c684202a13',2,9239,1,1),(3160,'059f8369-00c5-4e7d-8a04-fb89234fe70c',2,9362,1,1),(3161,'dddc73c1-142b-435c-8e93-16ad0a4d16f7',2,8876,1,1),(3162,'139a587d-c580-4196-86af-6745e744a5ff',2,9081,1,1),(3163,'51b0370f-f149-4452-bbce-1fc22735d224',2,9178,1,1),(3164,'6c2b122c-cd07-4391-9b03-f40e100fe7a9',2,9135,1,4),(3165,'a8440a4b-b45f-4906-b941-657f21db4063',2,9012,1,4),(3166,'1b419fe9-4992-4aa4-bd93-0af44aa9066e',2,9414,1,1),(3167,'5ac0d4df-12d9-4aba-8266-2632baa3f3cf',2,9018,1,4),(3168,'7fe25982-9815-429c-a863-67c4329630bf',2,8856,1,1),(3169,'bc389cf8-b54b-4cb7-8791-6907e793734a',2,9428,1,4),(3170,'f7bbb13c-2603-4461-9dbc-56011ec03296',2,9088,1,1),(3171,'faa4f258-bb8c-4d63-866c-3ecfc36c261d',2,9283,1,1),(3172,'3ee1d801-e863-4aeb-a131-70d177655933',2,8997,1,1),(3173,'a0072c87-5c21-43bd-9d54-7730a9eff0eb',2,8906,1,4),(3174,'e7d097a3-3e21-4594-b333-ab93a02857c4',2,9153,1,4),(3175,'2e9b055d-0e22-4704-8d68-48a82a4a234f',2,9039,1,4),(3176,'b9e251a9-c3c6-4cca-bafe-a76d53b11a02',2,9338,1,4),(3177,'12a9c4f2-694d-4458-b0df-88633408c4b4',2,9474,1,4),(3178,'53292f60-f394-4e7f-968a-b25413297193',2,9100,1,1),(3179,'d1806940-c185-406d-b632-fa654b5f0aaf',2,9263,1,4),(3180,'39180094-410c-4c04-9df1-d66283e9f1e9',2,9031,1,1),(3181,'04f1c4f0-d5ef-4cb6-a774-1bee887c9c2a',2,9178,1,4),(3182,'1abfc7a3-b9a1-4f13-ba0a-d3e13d4ef83b',2,9050,1,1),(3183,'5fad7123-3daa-4ac5-a618-f82dd7c53a20',2,9407,1,1),(3184,'63cd4aa0-761f-473c-bcd4-8bb55ae0174e',2,9428,1,1),(3185,'8d2e6d06-14f7-4570-9461-653c7d309cd4',2,9346,1,1),(3186,'3f43bd27-33c3-41e8-ae24-38edf2e942c5',2,8903,1,1),(3187,'948b45aa-90ac-4b58-95cd-1783cc963c60',2,9455,1,1),(3188,'120b9edd-eb67-453d-b89a-27efba36b6bd',2,9136,1,1),(3189,'bd92bcf6-d7bc-4515-bcde-73525a482ad7',2,9030,1,4),(3190,'9dcc8608-296e-4f6e-bd07-fe59b5838421',2,9383,1,4),(3191,'0c663110-fa67-45e4-b74a-d4a4e4293915',2,8963,1,4),(3192,'05be28a7-3281-4876-aaf5-87d41e9822ae',2,9051,1,4),(3193,'7909045d-19f0-43a1-a2f7-c7fcb8960504',2,9174,1,1),(3194,'3502d241-8acb-4134-8bd7-fab7fca05ef5',2,9085,1,1),(3195,'1b3ca293-1e24-49b0-82f1-018ace799493',2,9231,1,4),(3196,'34914c34-1e45-4fc7-8db6-cfe15f153218',2,8937,1,4),(3197,'e56977da-962e-4a7b-af71-896c277c4828',2,9465,1,1),(3198,'c7a72471-44c4-49e9-add1-5d13f234587f',2,9320,1,1),(3199,'a3ace3c8-53e6-4240-9068-75449152d37a',2,9386,1,4),(3200,'265354af-e588-4a9c-aa0a-a45d57077312',2,9136,1,4),(3201,'f8ea2f48-15f9-4725-8359-ea92f6e34d96',2,8933,1,1),(3202,'4b9ea9fb-6067-4645-a169-d25d854437f0',2,9218,1,1),(3203,'4d52cb79-dfc3-415e-8231-691553ec9420',2,9146,1,4),(3204,'691d1ef8-83eb-4e55-bbf6-3a546c2e7358',2,8939,1,1),(3205,'039c3268-9da5-4249-b308-8bc5aa7a6172',2,9466,1,4),(3206,'c668b553-f759-4d82-862e-6ba89cfe395c',2,8949,1,4),(3207,'c0484f60-b7fa-4ab9-9129-3d57ed3039c1',2,9081,1,4),(3208,'1bdc93dc-1c03-4369-8fce-5b68bedd42e4',2,9118,1,1),(3209,'c43a35de-349d-41a3-9330-06225b2bf801',2,8965,1,1),(3210,'b7e7c375-ebef-4bf6-a94e-1b8cb825a56c',2,9385,1,1),(3211,'65f8ce61-d75b-43e9-bcb6-179a37e9c7bb',2,8971,1,1),(3212,'2983b333-83ed-44e3-9181-439f1a702dc9',2,8943,1,1),(3213,'6eb2d185-a6d6-4cd4-a839-f98b472ef29f',2,9089,1,1),(3214,'f01f53cb-5b32-4aa0-a119-31f079487367',2,9050,1,4),(3215,'ac2140dc-aba9-4358-b6b6-f26d138ac349',2,8943,1,4),(3216,'decacfd4-0cc5-42de-a505-0070112aec15',2,8858,1,4),(3217,'3ea8728c-758c-47a5-81d8-4bb78274d469',2,9085,1,4),(3218,'26281031-8518-4cc9-a07e-5f380d38fa3b',2,9246,1,4),(3219,'e74b2c2b-7d1a-4340-9eb6-88ce4c526210',2,9423,1,1),(3220,'ffa363ef-8510-494b-b21a-1e90421d07ce',2,8856,1,4),(3221,'cc6c5d7f-e7c1-4a87-aeac-8dee4bbf64db',2,9385,1,4),(3222,'a4a13d46-9803-494e-8abf-319d289a376b',2,9434,1,1),(3223,'a4097b55-ef85-4c17-9724-60a901aa3c81',2,9284,1,1),(3224,'f4f90b25-8fca-49e0-a768-bfcfaed8c335',2,9376,1,1),(3225,'cca5725a-af28-4e0f-83eb-bd6b181dade1',2,8871,1,1),(3226,'0a46416c-4ccc-4bb2-9a62-74ac9b3ea1a4',2,8862,1,1),(3227,'e3e8e1e4-a7e3-40ee-9a14-064855d0a30e',2,8989,1,1),(3228,'29809a27-b685-4f88-b941-b017608b7c99',2,9232,1,4),(3229,'07046f62-a615-46c5-9265-dda4ea556ccc',2,9415,1,1),(3230,'c88f83e6-8bfc-4d85-b7ed-54a59f7a1470',2,8909,1,1),(3231,'ca075078-3241-44f3-a990-3b3b592e237e',2,9187,1,1),(3232,'f0c7ddef-ba87-40ea-934c-53572807e060',2,9320,1,4),(3233,'94291fd7-5371-43b3-b8d2-3aa0f2cdb975',2,9455,1,4),(3234,'eafda5e4-ea83-49c6-9ec6-02e70025b344',2,9207,1,4),(3235,'81bf4596-470d-4ac4-80fa-de8a95032207',2,9210,1,1),(3236,'d2a40826-99d1-4c23-855d-d01f092493c8',2,9254,1,1),(3237,'8840612f-7a88-4665-9812-3f20cf1f30ba',2,8887,1,4),(3238,'5c878d35-9cc1-47ea-964f-12b98cbb5760',2,9407,1,4),(3239,'0e70d0ba-c65e-4ddb-ab48-ea773f16416b',2,8971,1,4),(3240,'3b31981c-2b2e-437a-9560-9f4c9495b8ef',2,9116,1,1),(3241,'ecf5bab2-8127-4dbc-9e0d-5aa81e413cb5',2,9417,1,4),(3242,'b1b668d0-3333-4bba-8a7c-65b8b7932419',2,9424,1,1),(3243,'f8a432af-2258-4277-8b73-2ca8b8a50802',2,9016,1,1),(3244,'1dbe883c-abcc-4f5d-99d9-33e24d0745f9',2,9457,1,1),(3245,'026f5157-afcb-4fdf-82c3-46c90b72ffe5',2,9210,1,4),(3246,'3cc61711-245d-4ab4-88a4-926375899f50',2,8965,1,4),(3247,'50fc3f8e-4c67-40a7-8ce2-5652cc4c3372',2,9362,1,4),(3248,'2e3b1ba3-7c88-4d5f-a9d4-9b20be7d32e6',2,9414,1,4),(3249,'581f62a9-d3dd-424d-888e-6998bdfa69fa',2,9469,1,1),(3250,'ece39092-2614-4045-94ec-9b14132f403e',2,8985,1,4),(3251,'5405adbd-449f-4be5-8c21-f5c55be03c1a',2,9033,1,1),(3252,'17eaca70-fa8e-4bae-ba3d-d0bda277f15b',2,8876,1,4),(3253,'8bbbbdc4-f8c4-44ce-8ee4-4333f51daa42',2,8869,1,4),(3254,'e28a1024-f9eb-499f-9fb8-48e5356fb365',2,8989,1,4),(3255,'611ce7b1-ed54-4caa-8bb5-e66085d042a1',2,9394,1,1),(3256,'c6748349-baaa-4cad-b63e-badb63df649b',2,8985,1,1),(3257,'9097ee86-0714-4b60-9da4-d39d956bfff7',2,9467,1,1),(3258,'7742b213-a026-4ce9-b435-52e2fb977d05',2,9218,1,4),(3259,'119fefb1-6a34-4655-bc2f-57dc293237d4',2,8871,1,4),(3260,'b94e8cb3-d420-4635-aec6-692ae5dd5c0a',2,9002,1,1),(3261,'93ac6f37-420a-4808-a4b9-3e776c325d2a',2,9239,1,4),(3262,'a352a957-0fd9-4b57-aefd-8a094b6bf805',2,9381,1,1),(3263,'0a4215f0-c845-4311-9206-9fff84b08043',2,9046,1,1),(3264,'a4ef7f30-5f09-4a03-bb4f-bdabffb17273',2,8890,1,1),(3265,'fc0c905d-a0ef-4c2d-9ff7-18edb56fe7dc',2,9139,1,1),(3266,'4c327df9-295a-421c-8353-c6667483e270',2,8997,1,4),(3267,'3c0f7bac-91ef-497c-b4e3-81e7f859a1c2',2,9304,1,4),(3268,'ad339a43-5749-4f24-a3b5-04f991cb69de',2,9159,1,1),(3269,'6ddc58c1-2561-40f8-b152-7106ed4ac79b',2,9434,1,4),(3270,'2c79c8fb-fa44-4b76-88fc-80dc29dbc187',2,9118,1,4),(3271,'d5b5a894-8156-4068-882f-ecb6c5d0bbcb',2,9043,1,1),(3272,'d65a3b63-a0ef-44bb-867a-0ce98d17d43d',2,8939,1,4),(3273,'fb65c913-3d55-4a80-9e76-2e746d1ca202',2,9465,1,4),(3274,'1ce61c22-bcac-4127-afbf-3d655107dbbc',2,9469,1,4),(3275,'c319e1fe-4ae4-4540-99c1-3875470ee971',2,9043,1,4),(3276,'5bef5bc9-4055-40db-872f-dd69ed9c40bc',2,9033,1,4),(3277,'f82294b2-01f1-42b0-bde6-c34423e6fb89',2,9394,1,4),(3278,'ac3b3805-d2d5-4254-b391-1ed7a8a10d44',2,8933,1,4),(3279,'d5ed770a-f8e7-4cd5-bf66-12f886bc0f90',2,9183,1,4),(3280,'f9b92e1f-5fd4-4e52-9613-85e722204edb',2,9027,1,4),(3281,'ef467f16-3e50-411a-8386-0dc91869fc56',2,9251,1,4),(3282,'eea74904-28c4-422c-95ab-91c19787754a',2,9016,1,4),(3283,'a398d4a7-0dc7-4486-b672-6631672253d1',2,9344,1,4),(3284,'77ddb906-b34e-4643-ab71-2a3109f98548',2,9346,1,4),(3285,'a9f15df5-bedf-4206-8857-64e8bdb336e8',2,9139,1,4),(3286,'e71f868e-2b5a-4e81-a104-e306b6a5c926',2,9159,1,4),(3287,'fc79c9d0-27c7-4e2c-b049-e10175e8d827',2,9100,1,4),(3288,'b4c2f2c9-2921-4d1d-b07a-3cf7349e7536',2,9031,1,4),(3289,'fe82dcf9-c72a-41da-815f-fe7f63363104',2,9007,1,4),(3290,'9251714e-1d4e-42d1-821a-06ea86c6b498',2,9116,1,4),(3291,'ddf53854-50ae-4f86-a2e9-c75e8893719b',2,9381,1,4),(3292,'47d4aaed-4678-41fa-b4ff-420be315cbda',2,9266,1,4),(3293,'e443a0a9-b16f-4144-9a7f-be905b8dc907',2,9284,1,4),(3294,'7bbefddf-4258-4b1a-90e3-96d78a6ad898',2,8862,1,4),(3295,'13c7a40f-c63f-4934-adc7-aecde037adf5',2,9415,1,4),(3296,'501f15ed-c0f5-4991-b06e-54241e19c9f6',2,9046,1,4),(3297,'e2daeb12-f781-45ee-a9fb-6cd9d3af9f69',2,9423,1,4),(3298,'3c987a3a-0873-4819-9e8d-bed5f8761782',2,8909,1,4),(3299,'52336155-f53e-4b57-bdc9-12ae7121f35f',2,9089,1,4),(3300,'9300ec97-90a7-44c3-adc3-b079bcfa989a',2,8922,1,4),(3301,'c32a3017-5fc9-4fb6-915d-66cd27243fb5',2,9467,1,4),(3302,'3f57fcbe-b484-4f60-892b-cab818c4e9df',2,8890,1,4),(3303,'d50ae694-184f-42b3-a8da-ada81c5b248d',2,9088,1,4),(3304,'ca368d41-b11a-47bb-8a65-821ad3c22fbb',2,8903,1,4),(3305,'db2b2f46-b186-47d9-ad7d-158aafda15dd',2,9457,1,4),(3306,'373998ad-f0b8-46ee-85c7-7008c88b44fe',2,9254,1,4),(3307,'b2b381a5-cd72-4426-a8d6-38084751cb9a',2,9283,1,4),(3308,'a9a270cf-5619-4867-ac49-2011799999b7',2,9174,1,4),(3309,'3bc0e53d-9bcf-40e6-8f62-08a18ac3b306',2,9002,1,4),(3310,'313a85ac-421a-4eeb-af8d-4e1ac5e5b2fe',2,9424,1,4),(3311,'c4cc550e-7aaa-4644-a6cf-0e5970a96a8c',2,9187,1,4),(3312,'ea7a6a08-659b-406c-bfb9-629623677391',2,9376,1,4);
/*!40000 ALTER TABLE `ticket_info` ENABLE KEYS */;
UNLOCK TABLES;

--
-- Table structure for table `train_info`
--

DROP TABLE IF EXISTS `train_info`;
/*!40101 SET @saved_cs_client     = @@character_set_client */;
/*!50503 SET character_set_client = utf8mb4 */;
CREATE TABLE `train_info` (
  `id` int NOT NULL AUTO_INCREMENT,
  `name` varchar(20) DEFAULT NULL,
  `code` varchar(50) DEFAULT NULL,
  `path_info` varchar(100) DEFAULT NULL,
  `path_size` int DEFAULT NULL,
  `time_info` varchar(100) DEFAULT NULL,
  `carriage` int DEFAULT NULL,
  `carriage_num` int DEFAULT NULL,
  PRIMARY KEY (`id`)
) ENGINE=InnoDB AUTO_INCREMENT=2 DEFAULT CHARSET=utf8mb4 COLLATE=utf8mb4_0900_ai_ci;
/*!40101 SET character_set_client = @saved_cs_client */;

--
-- Dumping data for table `train_info`
--

LOCK TABLES `train_info` WRITE;
/*!40000 ALTER TABLE `train_info` DISABLE KEYS */;
INSERT INTO `train_info` VALUES (1,'','testCode','---',4,'2024-03-06 12:00#2024-03-06 14:00#2024-03-06 16:00#2024-03-06 18:00',5,128);
/*!40000 ALTER TABLE `train_info` ENABLE KEYS */;
UNLOCK TABLES;

--
-- Table structure for table `user_info`
--

DROP TABLE IF EXISTS `user_info`;
/*!40101 SET @saved_cs_client     = @@character_set_client */;
/*!50503 SET character_set_client = utf8mb4 */;
CREATE TABLE `user_info` (
  `id` int NOT NULL AUTO_INCREMENT,
  `name` varchar(50) DEFAULT NULL,
  `code` varchar(50) DEFAULT NULL,
  PRIMARY KEY (`id`)
) ENGINE=InnoDB AUTO_INCREMENT=52 DEFAULT CHARSET=utf8mb4 COLLATE=utf8mb4_0900_ai_ci;
/*!40101 SET character_set_client = @saved_cs_client */;

--
-- Dumping data for table `user_info`
--

LOCK TABLES `user_info` WRITE;
/*!40000 ALTER TABLE `user_info` DISABLE KEYS */;
INSERT INTO `user_info` VALUES (2,'','123'),(3,'1','3'),(4,'2','4'),(40,'2','50'),(41,'3','55'),(42,'3','45'),(43,'3','99'),(45,'3','100'),(49,'3','6');
/*!40000 ALTER TABLE `user_info` ENABLE KEYS */;
UNLOCK TABLES;

--
-- Dumping routines for database 'train'
--
/*!40103 SET TIME_ZONE=@OLD_TIME_ZONE */;

/*!40101 SET SQL_MODE=@OLD_SQL_MODE */;
/*!40014 SET FOREIGN_KEY_CHECKS=@OLD_FOREIGN_KEY_CHECKS */;
/*!40014 SET UNIQUE_CHECKS=@OLD_UNIQUE_CHECKS */;
/*!40101 SET CHARACTER_SET_CLIENT=@OLD_CHARACTER_SET_CLIENT */;
/*!40101 SET CHARACTER_SET_RESULTS=@OLD_CHARACTER_SET_RESULTS */;
/*!40101 SET COLLATION_CONNECTION=@OLD_COLLATION_CONNECTION */;
/*!40111 SET SQL_NOTES=@OLD_SQL_NOTES */;

-- Dump completed on 2024-04-24 16:31:04
